{
  "count": 18,
  "filters": {},
  "competition": {
    "id": 2017,
    "area": {
      "id": 2187,
      "name": "Portugal"
    },
    "name": "Primeira Liga",
    "code": "PPL",
    "plan": "TIER_ONE",
    "lastUpdated": "2020-11-09T02:50:13Z"
  },
  "season": {
    "id": 644,
    "startDate": "2020-09-20",
    "endDate": "2021-05-19",
    "currentMatchday": 8,
    "winner": null
  },
  "teams": [
    {
      "id": 496,
      "area": {
        "id": 2187,
        "name": "Portugal"
      },
      "name": "Rio Ave FC",
      "shortName": "Rio Ave",
      "tla": "RIO",
      "crestUrl": "https://crests.football-data.org/496.svg",
      "address": "Praça da República, n.º35, Apartado 42 Vila do Conde 4481-909",
      "phone": "+351 (252) 640590",
      "website": "http://www.rioave-fc.pt",
      "email": "geral@rioave-fc.pt",
      "founded": 1939,
      "clubColors": "Green / White",
      "venue": "Estádio do Rio Ave Futebol Clube",
      "lastUpdated": "2020-11-12T02:19:01Z"
    },
    {
      "id": 498,
      "area": {
        "id": 2187,
        "name": "Portugal"
      },
      "name": "Sporting Clube de Portugal",
      "shortName": "Sporting CP",
      "tla": "SPO",
      "crestUrl": "https://crests.football-data.org/498.svg",
      "address": "Edifício Visconde de Alvalade, Apartado 42099 Lisboa 1601-801",
      "phone": "+351 (217) 516000",
      "website": "http://www.sporting.pt",
      "email": "sporting@sportmultimedia.pt",
      "founded": 1906,
      "clubColors": "Green / White",
      "venue": "Estádio José Alvalade",
      "lastUpdated": "2020-11-12T02:19:03Z"
    },
    {
      "id": 503,
      "area": {
        "id": 2187,
        "name": "Portugal"
      },
      "name": "FC Porto",
      "shortName": "Porto",
      "tla": "FCP",
      "crestUrl": "https://crests.football-data.org/503.svg",
      "address": "Estádio do Dragão, Entrada Poente - Piso 3 Porto 4350-451",
      "phone": "+351 (022) 5070500",
      "website": "http://www.fcporto.pt",
      "email": "geral@portosad.pt",
      "founded": 1893,
      "clubColors": "Blue / White",
      "venue": "Estádio Do Dragão",
      "lastUpdated": "2020-11-12T02:15:25Z"
    },
    {
      "id": 507,
      "area": {
        "id": 2187,
        "name": "Portugal"
      },
      "name": "FC Paços de Ferreira",
      "shortName": "Paços Ferreira",
      "tla": "PAÇ",
      "crestUrl": "https://crests.football-data.org/507.svg",
      "address": "Rua do Estadio, Apartado 26 Paços de Ferreira 4594-909",
      "phone": "+351 (255) 965230",
      "website": "http://www.fcpf.pt",
      "email": "geral@fcpf.pt",
      "founded": 1950,
      "clubColors": "Green / Yellow",
      "venue": "Estádio da Capital do Móvel",
      "lastUpdated": "2020-11-12T02:15:27Z"
    },
    {
      "id": 583,
      "area": {
        "id": 2187,
        "name": "Portugal"
      },
      "name": "Moreirense FC",
      "shortName": "Moreirense",
      "tla": "MOR",
      "crestUrl": "https://crests.football-data.org/583.svg",
      "address": "Avenida Comendador Joaquim de Almeida Freitas Moreira de Cónegos 4815-270",
      "phone": "+351 (253) 561836",
      "website": "http://www.moreirensefc.pt",
      "email": "geral@moreirensefc.com",
      "founded": 1938,
      "clubColors": "Green / White",
      "venue": "P.D. Comendador Joaquim de Almeida Freitas",
      "lastUpdated": "2020-11-12T02:15:28Z"
    },
    {
      "id": 810,
      "area": {
        "id": 2187,
        "name": "Portugal"
      },
      "name": "Boavista FC",
      "shortName": "Boavista",
      "tla": "BOA",
      "crestUrl": "https://crests.football-data.org/810.svg",
      "address": "Rua O Primeiro de Janeiro, Boavista Porto 4100-127",
      "phone": "+351 (022) 6071000",
      "website": "http://www.boavistafc.pt",
      "email": "geral@boavistafc.pt",
      "founded": 1903,
      "clubColors": "Black / White",
      "venue": "Estádio do Bessa Século XXI",
      "lastUpdated": "2020-11-12T02:15:30Z"
    },
    {
      "id": 1049,
      "area": {
        "id": 2187,
        "name": "Portugal"
      },
      "name": "CD Tondela",
      "shortName": "Tondela",
      "tla": "TON",
      "crestUrl": "https://crests.football-data.org/1049.svg",
      "address": "Av. Eurico José Gouveia (Estádio) - Apartado 84 Tondela 3460-582",
      "phone": "+351 (232) 821447",
      "website": "http://www.cdtondela.pt",
      "email": "cdtondela@gmail.com",
      "founded": 1933,
      "clubColors": "Green / Yellow",
      "venue": "Estádio João Cardoso",
      "lastUpdated": "2020-11-12T02:15:33Z"
    },
    {
      "id": 1903,
      "area": {
        "id": 2187,
        "name": "Portugal"
      },
      "name": "Sport Lisboa e Benfica",
      "shortName": "SL Benfica",
      "tla": "BEN",
      "crestUrl": "https://crests.football-data.org/1903.svg",
      "address": "null null null",
      "phone": null,
      "website": "https://www.slbenfica.pt",
      "email": null,
      "founded": 1904,
      "clubColors": null,
      "venue": "Estádio do Sport Lisboa e Benfica",
      "lastUpdated": "2020-11-12T02:15:35Z"
    },
    {
      "id": 5529,
      "area": {
        "id": 2187,
        "name": "Portugal"
      },
      "name": "CD Nacional",
      "shortName": "CD Nacional",
      "tla": "CDN",
      "crestUrl": "https://crests.football-data.org/5529.svg",
      "address": "Rua do Esmeraldo, n.º 46 Funchal 9060",
      "phone": "+351 (291) 227324",
      "website": "http://www.cdnacional.pt",
      "email": "geral@cdnacional.pt",
      "founded": 1910,
      "clubColors": "Black / White",
      "venue": "Estádio da Madeira",
      "lastUpdated": "2020-11-12T02:15:36Z"
    },
    {
      "id": 5530,
      "area": {
        "id": 2187,
        "name": "Portugal"
      },
      "name": "CD Santa Clara",
      "shortName": "Santa Clara",
      "tla": "CDS",
      "crestUrl": "https://crests.football-data.org/5530.svg",
      "address": "Rua Comandante Jaime de Sousa, 21 Ponta Delgada 9500",
      "phone": "+351 (296) 306400",
      "website": "http://www.cdsantaclara.pt",
      "email": "cdsantaclara@mail.telepac.pt",
      "founded": 1921,
      "clubColors": "Red / White",
      "venue": "Cidade do Futebol",
      "lastUpdated": "2020-11-12T02:15:37Z"
    },
    {
      "id": 5531,
      "area": {
        "id": 2187,
        "name": "Portugal"
      },
      "name": "FC Famalicão",
      "shortName": "Famalicão",
      "tla": "FAM",
      "crestUrl": "https://crests.football-data.org/5531.svg",
      "address": "null Vila Nova de Famalicão null",
      "phone": null,
      "website": "http://www.fcfamalicao.pt",
      "email": "fcfamalicao@gmail.com",
      "founded": 1931,
      "clubColors": "Blue / White",
      "venue": "Estádio Municipal 22 de Junho",
      "lastUpdated": "2020-11-12T02:15:39Z"
    },
    {
      "id": 5533,
      "area": {
        "id": 2187,
        "name": "Portugal"
      },
      "name": "Gil Vicente FC",
      "shortName": "Gil Vicente",
      "tla": "GIL",
      "crestUrl": "https://crests.football-data.org/5533.svg",
      "address": "Rua D. Diogo Pinheiro n.º 25, Apartado 197 Barcelos 4750-282",
      "phone": "+351 (253) 811523",
      "website": "http://www.gilvicentefc.pt",
      "email": "geral@gilvicentefc.pt",
      "founded": 1924,
      "clubColors": "Red / Blue",
      "venue": "Estádio Cidade de Barcelos",
      "lastUpdated": "2020-11-12T02:15:41Z"
    },
    {
      "id": 5543,
      "area": {
        "id": 2187,
        "name": "Portugal"
      },
      "name": "Vitória SC",
      "shortName": "Vitória SC",
      "tla": "GUI",
      "crestUrl": "https://crests.football-data.org/5543.svg",
      "address": "Dr. António Pimenta Machado, Apartado 505 Guimarães 4802-914",
      "phone": "+351 (253) 432570",
      "website": "http://www.vitoriasc.pt",
      "email": "vitoria@vitoriasc.pt",
      "founded": 1922,
      "clubColors": "White / Black",
      "venue": "Estádio Dom Afonso Henriques",
      "lastUpdated": "2020-11-12T02:15:43Z"
    },
    {
      "id": 5568,
      "area": {
        "id": 2187,
        "name": "Portugal"
      },
      "name": "Os Belenenses Futebol",
      "shortName": "Belenenses",
      "tla": "BEL",
      "crestUrl": "https://crests.football-data.org/5568.svg",
      "address": "Estádio do Restelo Lisboa 1449-015",
      "phone": "+351 (021) 3010461",
      "website": "http://site.osbelenensessad.com/",
      "email": "cfbelenenses@clix.pt",
      "founded": 1999,
      "clubColors": "Blue / White",
      "venue": "Estádio Nacional",
      "lastUpdated": "2020-11-12T02:15:45Z"
    },
    {
      "id": 5575,
      "area": {
        "id": 2187,
        "name": "Portugal"
      },
      "name": "CS Marítimo",
      "shortName": "Marítimo",
      "tla": "CSM",
      "crestUrl": "https://crests.football-data.org/5575.svg",
      "address": "Rua Campo do Marítimo, Santo António Funchal 9020-073",
      "phone": "+351 (291) 708300",
      "website": "http://www.csmaritimo.org.pt",
      "email": "csmaritimo@netmadeira.com",
      "founded": 1910,
      "clubColors": "Green / Red",
      "venue": "Estádio dos Barreiros",
      "lastUpdated": "2020-11-12T02:15:47Z"
    },
    {
      "id": 5601,
      "area": {
        "id": 2187,
        "name": "Portugal"
      },
      "name": "Portimonense SC",
      "shortName": "Portimonense",
      "tla": "PSC",
      "crestUrl": "https://crests.football-data.org/5601.svg",
      "address": "Praça Manuel Teixeira Gomes n.º 4 -1º Portimão 8500-542",
      "phone": "+351 (282) 422427",
      "website": "http://www.portimonense.pt",
      "email": "geral@portimonensesc.pt",
      "founded": 1914,
      "clubColors": "Black / White",
      "venue": "Estádio do Portimonense SC",
      "lastUpdated": "2020-11-12T02:15:49Z"
    },
    {
      "id": 5602,
      "area": {
        "id": 2187,
        "name": "Portugal"
      },
      "name": "SC Farense",
      "shortName": "Farense",
      "tla": "FAR",
      "crestUrl": "https://crests.football-data.org/5602.svg",
      "address": "Praça de Tânger, Ginásio Sede Faro 8005-445",
      "phone": "+351 (289) 894020",
      "website": "http://www.scfarense1910.blogspot.com",
      "email": "sportingclubefarense@sapo.pt",
      "founded": 1910,
      "clubColors": "Black / White",
      "venue": "Estádio de São Lúis",
      "lastUpdated": "2020-11-12T02:15:51Z"
    },
    {
      "id": 5613,
      "area": {
        "id": 2187,
        "name": "Portugal"
      },
      "name": "Sporting Clube de Braga",
      "shortName": "Braga",
      "tla": "SCB",
      "crestUrl": "https://crests.football-data.org/5613.svg",
      "address": "Parque Norte, Monte Crasto, Apartado 12 Braga 4700-087",
      "phone": "+351 (253) 206860",
      "website": "http://www.scbraga.pt",
      "email": "mail@scbraga.pt",
      "founded": 1921,
      "clubColors": "Red / White",
      "venue": "Estádio Municipal de Braga",
      "lastUpdated": "2020-11-12T02:15:53Z"
    }
  ]
}