<?xml version='1.0' encoding='UTF-8'?>
<Equipas>
<Equipa><name>Rio Ave FC</name> <shortName>Rio Ave</shortName> <tla>RIO</tla> <address>Praça da República, n.º35, Apartado 42 Vila do Conde 4481-909</address> <phone>+351 (252) 640590</phone> <website>http://www.rioave-fc.pt</website> <email>geral@rioave-fc.pt</email> <clubColors>Green / White</clubColors> <venue>Estádio do Rio Ave Futebol Clube</venue> <founded>1939</founded></Equipa>
<Equipa><name>Sporting Clube de Portugal</name> <shortName>Sporting CP</shortName> <tla>SPO</tla> <address>Edifício Visconde de Alvalade, Apartado 42099 Lisboa 1601-801</address> <phone>+351 (217) 516000</phone> <website>http://www.sporting.pt</website> <email>sporting@sportmultimedia.pt</email> <clubColors>Green / White</clubColors> <venue>Estádio José Alvalade</venue> <founded>1906</founded></Equipa>
<Equipa><name>FC Porto</name> <shortName>Porto</shortName> <tla>FCP</tla> <address>Estádio do Dragão, Entrada Poente - Piso 3 Porto 4350-451</address> <phone>+351 (022) 5070500</phone> <website>http://www.fcporto.pt</website> <email>geral@portosad.pt</email> <clubColors>Blue / White</clubColors> <venue>Estádio Do Dragão</venue> <founded>1893</founded></Equipa>
<Equipa><name>FC Paços de Ferreira</name> <shortName>Paços Ferreira</shortName> <tla>PAÇ</tla> <address>Rua do Estadio, Apartado 26 Paços de Ferreira 4594-909</address> <phone>+351 (255) 965230</phone> <website>http://www.fcpf.pt</website> <email>geral@fcpf.pt</email> <clubColors>Green / Yellow</clubColors> <venue>Estádio da Capital do Móvel</venue> <founded>1950</founded></Equipa>
<Equipa><name>Moreirense FC</name> <shortName>Moreirense</shortName> <tla>MOR</tla> <address>Avenida Comendador Joaquim de Almeida Freitas Moreira de Cónegos 4815-270</address> <phone>+351 (253) 561836</phone> <website>http://www.moreirensefc.pt</website> <email>geral@moreirensefc.com</email> <clubColors>Green / White</clubColors> <venue>P.D. Comendador Joaquim de Almeida Freitas</venue> <founded>1938</founded></Equipa>
<Equipa><name>Boavista FC</name> <shortName>Boavista</shortName> <tla>BOA</tla> <address>Rua O Primeiro de Janeiro, Boavista Porto 4100-127</address> <phone>+351 (022) 6071000</phone> <website>http://www.boavistafc.pt</website> <email>geral@boavistafc.pt</email> <clubColors>Black / White</clubColors> <venue>Estádio do Bessa Século XXI</venue> <founded>1903</founded></Equipa>
<Equipa><name>CD Tondela</name> <shortName>Tondela</shortName> <tla>TON</tla> <address>Av. Eurico José Gouveia (Estádio) - Apartado 84 Tondela 3460-582</address> <phone>+351 (232) 821447</phone> <website>http://www.cdtondela.pt</website> <email>cdtondela@gmail.com</email> <clubColors>Green / Yellow</clubColors> <venue>Estádio João Cardoso</venue> <founded>1933</founded></Equipa>
<Equipa><name>Sport Lisboa e Benfica</name> <shortName>SL Benfica</shortName> <tla>BEN</tla> <address>null null null</address> <phone/> <website>https://www.slbenfica.pt</website> <email/> <clubColors/> <venue>Estádio do Sport Lisboa e Benfica</venue> <founded>1904</founded></Equipa>
<Equipa><name>CD Nacional</name> <shortName>CD Nacional</shortName> <tla>CDN</tla> <address>Rua do Esmeraldo, n.º 46 Funchal 9060</address> <phone>+351 (291) 227324</phone> <website>http://www.cdnacional.pt</website> <email>geral@cdnacional.pt</email> <clubColors>Black / White</clubColors> <venue>Estádio da Madeira</venue> <founded>1910</founded></Equipa>
<Equipa><name>CD Santa Clara</name> <shortName>Santa Clara</shortName> <tla>CDS</tla> <address>Rua Comandante Jaime de Sousa, 21 Ponta Delgada 9500</address> <phone>+351 (296) 306400</phone> <website>http://www.cdsantaclara.pt</website> <email>cdsantaclara@mail.telepac.pt</email> <clubColors>Red / White</clubColors> <venue>Cidade do Futebol</venue> <founded>1921</founded></Equipa>
<Equipa><name>FC Famalicão</name> <shortName>Famalicão</shortName> <tla>FAM</tla> <address>null Vila Nova de Famalicão null</address> <phone/> <website>http://www.fcfamalicao.pt</website> <email>fcfamalicao@gmail.com</email> <clubColors>Blue / White</clubColors> <venue>Estádio Municipal 22 de Junho</venue> <founded>1931</founded></Equipa>
<Equipa><name>Gil Vicente FC</name> <shortName>Gil Vicente</shortName> <tla>GIL</tla> <address>Rua D. Diogo Pinheiro n.º 25, Apartado 197 Barcelos 4750-282</address> <phone>+351 (253) 811523</phone> <website>http://www.gilvicentefc.pt</website> <email>geral@gilvicentefc.pt</email> <clubColors>Red / Blue</clubColors> <venue>Estádio Cidade de Barcelos</venue> <founded>1924</founded></Equipa>
<Equipa><name>Vitória SC</name> <shortName>Vitória SC</shortName> <tla>GUI</tla> <address>Dr. António Pimenta Machado, Apartado 505 Guimarães 4802-914</address> <phone>+351 (253) 432570</phone> <website>http://www.vitoriasc.pt</website> <email>vitoria@vitoriasc.pt</email> <clubColors>White / Black</clubColors> <venue>Estádio Dom Afonso Henriques</venue> <founded>1922</founded></Equipa>
<Equipa><name>Os Belenenses Futebol</name> <shortName>Belenenses</shortName> <tla>BEL</tla> <address>Estádio do Restelo Lisboa 1449-015</address> <phone>+351 (021) 3010461</phone> <website>http://site.osbelenensessad.com/</website> <email>cfbelenenses@clix.pt</email> <clubColors>Blue / White</clubColors> <venue>Estádio Nacional</venue> <founded>1999</founded></Equipa>
<Equipa><name>CS Marítimo</name> <shortName>Marítimo</shortName> <tla>CSM</tla> <address>Rua Campo do Marítimo, Santo António Funchal 9020-073</address> <phone>+351 (291) 708300</phone> <website>http://www.csmaritimo.org.pt</website> <email>csmaritimo@netmadeira.com</email> <clubColors>Green / Red</clubColors> <venue>Estádio dos Barreiros</venue> <founded>1910</founded></Equipa>
<Equipa><name>Portimonense SC</name> <shortName>Portimonense</shortName> <tla>PSC</tla> <address>Praça Manuel Teixeira Gomes n.º 4 -1º Portimão 8500-542</address> <phone>+351 (282) 422427</phone> <website>http://www.portimonense.pt</website> <email>geral@portimonensesc.pt</email> <clubColors>Black / White</clubColors> <venue>Estádio do Portimonense SC</venue> <founded>1914</founded></Equipa>
<Equipa><name>SC Farense</name> <shortName>Farense</shortName> <tla>FAR</tla> <address>Praça de Tânger, Ginásio Sede Faro 8005-445</address> <phone>+351 (289) 894020</phone> <website>http://www.scfarense1910.blogspot.com</website> <email>sportingclubefarense@sapo.pt</email> <clubColors>Black / White</clubColors> <venue>Estádio de São Lúis</venue> <founded>1910</founded></Equipa>
<Equipa><name>Sporting Clube de Braga</name> <shortName>Braga</shortName> <tla>SCB</tla> <address>Parque Norte, Monte Crasto, Apartado 12 Braga 4700-087</address> <phone>+351 (253) 206860</phone> <website>http://www.scbraga.pt</website> <email>mail@scbraga.pt</email> <clubColors>Red / White</clubColors> <venue>Estádio Municipal de Braga</venue> <founded>1921</founded></Equipa>
</Equipas>
