{"Jogos":[{"golos_casa":1,"equipa_vencedora":"Sport Lisboa e Benfica","estado":"Terminado","data":"2020-09-18T18:00:00Z","equipa_fora":"Sport Lisboa e Benfica","jornada":"1","equipa_casa":"FC Famalicão","golos_fora":5},{"golos_casa":0,"equipa_vencedora":"Os Belenenses Futebol","estado":"Terminado","data":"2020-09-18T20:15:00Z","equipa_fora":"Os Belenenses Futebol","jornada":"1","equipa_casa":"Vitória SC","golos_fora":1},{"golos_casa":3,"equipa_vencedora":"EMPATE","estado":"Terminado","data":"2020-09-19T15:00:00Z","equipa_fora":"Boavista FC","jornada":"1","equipa_casa":"CD Nacional","golos_fora":3},{"golos_casa":3,"equipa_vencedora":"FC Porto","estado":"Terminado","data":"2020-09-19T20:00:00Z","equipa_fora":"Sporting Clube de Braga","jornada":"1","equipa_casa":"FC Porto","golos_fora":1},{"golos_casa":2,"equipa_vencedora":"CD Santa Clara","estado":"Terminado","data":"2020-09-20T15:00:00Z","equipa_fora":"CS Marítimo","jornada":"1","equipa_casa":"CD Santa Clara","golos_fora":0},{"golos_casa":2,"equipa_vencedora":"Moreirense FC","estado":"Terminado","data":"2020-09-20T17:30:00Z","equipa_fora":"SC Farense","jornada":"1","equipa_casa":"Moreirense FC","golos_fora":0},{"golos_casa":1,"equipa_vencedora":"EMPATE","estado":"Terminado","data":"2020-09-20T20:00:00Z","equipa_fora":"Rio Ave FC","jornada":"1","equipa_casa":"CD Tondela","golos_fora":1},{"golos_casa":1,"equipa_vencedora":"EMPATE","estado":"Terminado","data":"2020-09-21T18:45:00Z","equipa_fora":"FC Paços de Ferreira","jornada":"1","equipa_casa":"Portimonense SC","golos_fora":1},{"golos_casa":0,"equipa_vencedora":"CD Santa Clara","estado":"Terminado","data":"2020-09-25T19:30:00Z","equipa_fora":"CD Santa Clara","jornada":"2","equipa_casa":"Sporting Clube de Braga","golos_fora":1},{"golos_casa":2,"equipa_vencedora":"CS Marítimo","estado":"Terminado","data":"2020-09-26T14:30:00Z","equipa_fora":"CD Tondela","jornada":"2","equipa_casa":"CS Marítimo","golos_fora":1},{"golos_casa":2,"equipa_vencedora":"Sport Lisboa e Benfica","estado":"Terminado","data":"2020-09-26T17:30:00Z","equipa_fora":"Moreirense FC","jornada":"2","equipa_casa":"Sport Lisboa e Benfica","golos_fora":0},{"golos_casa":0,"equipa_vencedora":"FC Porto","estado":"Terminado","data":"2020-09-26T20:00:00Z","equipa_fora":"FC Porto","jornada":"2","equipa_casa":"Boavista FC","golos_fora":5},{"golos_casa":0,"equipa_vencedora":"CD Nacional","estado":"Terminado","data":"2020-09-27T14:30:00Z","equipa_fora":"CD Nacional","jornada":"2","equipa_casa":"SC Farense","golos_fora":1},{"golos_casa":1,"equipa_vencedora":"Gil Vicente FC","estado":"Terminado","data":"2020-09-27T15:00:00Z","equipa_fora":"Portimonense SC","jornada":"2","equipa_casa":"Gil Vicente FC","golos_fora":0},{"golos_casa":0,"equipa_vencedora":"Sporting Clube de Portugal","estado":"Terminado","data":"2020-09-27T17:30:00Z","equipa_fora":"Sporting Clube de Portugal","jornada":"2","equipa_casa":"FC Paços de Ferreira","golos_fora":2},{"golos_casa":0,"equipa_vencedora":"EMPATE","estado":"Terminado","data":"2020-09-27T20:00:00Z","equipa_fora":"Vitória SC","jornada":"2","equipa_casa":"Rio Ave FC","golos_fora":0},{"golos_casa":1,"equipa_vencedora":"FC Famalicão","estado":"Terminado","data":"2020-09-28T18:45:00Z","equipa_fora":"FC Famalicão","jornada":"2","equipa_casa":"Os Belenenses Futebol","golos_fora":2},{"golos_casa":1,"equipa_vencedora":"EMPATE","estado":"Terminado","data":"2020-10-02T18:00:00Z","equipa_fora":"Boavista FC","jornada":"3","equipa_casa":"Moreirense FC","golos_fora":1},{"golos_casa":1,"equipa_vencedora":"Vitória SC","estado":"Terminado","data":"2020-10-02T20:15:00Z","equipa_fora":"FC Paços de Ferreira","jornada":"3","equipa_casa":"Vitória SC","golos_fora":0},{"golos_casa":0,"equipa_vencedora":"EMPATE","estado":"Terminado","data":"2020-10-03T15:00:00Z","equipa_fora":"Gil Vicente FC","jornada":"3","equipa_casa":"CD Santa Clara","golos_fora":0},{"golos_casa":2,"equipa_vencedora":"CS Marítimo","estado":"Terminado","data":"2020-10-03T17:30:00Z","equipa_fora":"CS Marítimo","jornada":"3","equipa_casa":"FC Porto","golos_fora":3},{"golos_casa":0,"equipa_vencedora":"Sporting Clube de Braga","estado":"Terminado","data":"2020-10-03T20:00:00Z","equipa_fora":"Sporting Clube de Braga","jornada":"3","equipa_casa":"CD Tondela","golos_fora":4},{"golos_casa":0,"equipa_vencedora":"EMPATE","estado":"Terminado","data":"2020-10-04T14:30:00Z","equipa_fora":"Os Belenenses Futebol","jornada":"3","equipa_casa":"CD Nacional","golos_fora":0},{"golos_casa":3,"equipa_vencedora":"Sport Lisboa e Benfica","estado":"Terminado","data":"2020-10-04T17:30:00Z","equipa_fora":"SC Farense","jornada":"3","equipa_casa":"Sport Lisboa e Benfica","golos_fora":2},{"golos_casa":1,"equipa_vencedora":"EMPATE","estado":"Terminado","data":"2020-10-04T17:30:00Z","equipa_fora":"Rio Ave FC","jornada":"3","equipa_casa":"FC Famalicão","golos_fora":1},{"golos_casa":0,"equipa_vencedora":"Sporting Clube de Portugal","estado":"Terminado","data":"2020-10-04T20:00:00Z","equipa_fora":"Sporting Clube de Portugal","jornada":"3","equipa_casa":"Portimonense SC","golos_fora":2},{"golos_casa":1,"equipa_vencedora":"Portimonense SC","estado":"Terminado","data":"2020-10-17T14:30:00Z","equipa_fora":"Portimonense SC","jornada":"4","equipa_casa":"CS Marítimo","golos_fora":2},{"golos_casa":1,"equipa_vencedora":"EMPATE","estado":"Terminado","data":"2020-10-17T14:30:00Z","equipa_fora":"CD Tondela","jornada":"4","equipa_casa":"Gil Vicente FC","golos_fora":1},{"golos_casa":2,"equipa_vencedora":"Sporting Clube de Braga","estado":"Terminado","data":"2020-10-17T17:00:00Z","equipa_fora":"CD Nacional","jornada":"4","equipa_casa":"Sporting Clube de Braga","golos_fora":1},{"golos_casa":2,"equipa_vencedora":"EMPATE","estado":"Terminado","data":"2020-10-17T19:30:00Z","equipa_fora":"FC Porto","jornada":"4","equipa_casa":"Sporting Clube de Portugal","golos_fora":2},{"golos_casa":2,"equipa_vencedora":"FC Paços de Ferreira","estado":"Terminado","data":"2020-10-18T14:00:00Z","equipa_fora":"CD Santa Clara","jornada":"4","equipa_casa":"FC Paços de Ferreira","golos_fora":1},{"golos_casa":0,"equipa_vencedora":"EMPATE","estado":"Terminado","data":"2020-10-18T14:00:00Z","equipa_fora":"Moreirense FC","jornada":"4","equipa_casa":"Os Belenenses Futebol","golos_fora":0},{"golos_casa":3,"equipa_vencedora":"EMPATE","estado":"Terminado","data":"2020-10-18T16:30:00Z","equipa_fora":"FC Famalicão","jornada":"4","equipa_casa":"SC Farense","golos_fora":3},{"golos_casa":0,"equipa_vencedora":"Sport Lisboa e Benfica","estado":"Terminado","data":"2020-10-18T19:00:00Z","equipa_fora":"Sport Lisboa e Benfica","jornada":"4","equipa_casa":"Rio Ave FC","golos_fora":3},{"golos_casa":0,"equipa_vencedora":"Vitória SC","estado":"Terminado","data":"2020-10-19T19:15:00Z","equipa_fora":"Vitória SC","jornada":"4","equipa_casa":"Boavista FC","golos_fora":1},{"golos_casa":1,"equipa_vencedora":"CD Tondela","estado":"Terminado","data":"2020-10-23T19:30:00Z","equipa_fora":"Portimonense SC","jornada":"5","equipa_casa":"CD Tondela","golos_fora":0},{"golos_casa":1,"equipa_vencedora":"EMPATE","estado":"Terminado","data":"2020-10-24T14:30:00Z","equipa_fora":"FC Paços de Ferreira","jornada":"5","equipa_casa":"CD Nacional","golos_fora":1},{"golos_casa":1,"equipa_vencedora":"Sporting Clube de Portugal","estado":"Terminado","data":"2020-10-24T17:00:00Z","equipa_fora":"Sporting Clube de Portugal","jornada":"5","equipa_casa":"CD Santa Clara","golos_fora":2},{"golos_casa":1,"equipa_vencedora":"FC Porto","estado":"Terminado","data":"2020-10-24T19:30:00Z","equipa_fora":"Gil Vicente FC","jornada":"5","equipa_casa":"FC Porto","golos_fora":0},{"golos_casa":2,"equipa_vencedora":"Moreirense FC","estado":"Terminado","data":"2020-10-25T15:00:00Z","equipa_fora":"CS Marítimo","jornada":"5","equipa_casa":"Moreirense FC","golos_fora":1},{"golos_casa":0,"equipa_vencedora":"Rio Ave FC","estado":"Terminado","data":"2020-10-25T15:00:00Z","equipa_fora":"Rio Ave FC","jornada":"5","equipa_casa":"SC Farense","golos_fora":1},{"golos_casa":2,"equipa_vencedora":"EMPATE","estado":"Terminado","data":"2020-10-25T17:30:00Z","equipa_fora":"Boavista FC","jornada":"5","equipa_casa":"FC Famalicão","golos_fora":2},{"golos_casa":0,"equipa_vencedora":"Sporting Clube de Braga","estado":"Terminado","data":"2020-10-25T20:00:00Z","equipa_fora":"Sporting Clube de Braga","jornada":"5","equipa_casa":"Vitória SC","golos_fora":1},{"golos_casa":2,"equipa_vencedora":"Sport Lisboa e Benfica","estado":"Terminado","data":"2020-10-26T20:15:00Z","equipa_fora":"Os Belenenses Futebol","jornada":"5","equipa_casa":"Sport Lisboa e Benfica","golos_fora":0},{"golos_casa":3,"equipa_vencedora":"Sporting Clube de Portugal","estado":"Terminado","data":"2020-10-28T21:45:00Z","equipa_fora":"Gil Vicente FC","jornada":"1","equipa_casa":"Sporting Clube de Portugal","golos_fora":1},{"golos_casa":3,"equipa_vencedora":"FC Paços de Ferreira","estado":"Terminado","data":"2020-10-30T20:30:00Z","equipa_fora":"FC Porto","jornada":"6","equipa_casa":"FC Paços de Ferreira","golos_fora":2},{"golos_casa":1,"equipa_vencedora":"EMPATE","estado":"Terminado","data":"2020-10-31T15:30:00Z","equipa_fora":"SC Farense","jornada":"6","equipa_casa":"Os Belenenses Futebol","golos_fora":1},{"golos_casa":2,"equipa_vencedora":"Rio Ave FC","estado":"Terminado","data":"2020-10-31T18:00:00Z","equipa_fora":"Moreirense FC","jornada":"6","equipa_casa":"Rio Ave FC","golos_fora":0},{"golos_casa":0,"equipa_vencedora":"EMPATE","estado":"Terminado","data":"2020-10-31T20:30:00Z","equipa_fora":"CD Nacional","jornada":"6","equipa_casa":"CS Marítimo","golos_fora":0},{"golos_casa":1,"equipa_vencedora":"CD Santa Clara","estado":"Terminado","data":"2020-11-01T15:00:00Z","equipa_fora":"CD Santa Clara","jornada":"6","equipa_casa":"Portimonense SC","golos_fora":2},{"golos_casa":1,"equipa_vencedora":"Vitória SC","estado":"Terminado","data":"2020-11-01T17:30:00Z","equipa_fora":"Vitória SC","jornada":"6","equipa_casa":"Gil Vicente FC","golos_fora":2},{"golos_casa":4,"equipa_vencedora":"Sporting Clube de Portugal","estado":"Terminado","data":"2020-11-01T20:00:00Z","equipa_fora":"CD Tondela","jornada":"6","equipa_casa":"Sporting Clube de Portugal","golos_fora":0},{"golos_casa":1,"equipa_vencedora":"Sporting Clube de Braga","estado":"Terminado","data":"2020-11-02T18:45:00Z","equipa_fora":"FC Famalicão","jornada":"6","equipa_casa":"Sporting Clube de Braga","golos_fora":0},{"golos_casa":3,"equipa_vencedora":"Boavista FC","estado":"Terminado","data":"2020-11-02T21:00:00Z","equipa_fora":"Sport Lisboa e Benfica","jornada":"6","equipa_casa":"Boavista FC","golos_fora":0},{"golos_casa":0,"equipa_vencedora":"EMPATE","estado":"Terminado","data":"2020-11-06T20:30:00Z","equipa_fora":"Rio Ave FC","jornada":"7","equipa_casa":"Os Belenenses Futebol","golos_fora":0},{"golos_casa":2,"equipa_vencedora":"CD Tondela","estado":"Terminado","data":"2020-11-07T15:00:00Z","equipa_fora":"CD Santa Clara","jornada":"7","equipa_casa":"CD Tondela","golos_fora":0},{"golos_casa":2,"equipa_vencedora":"FC Famalicão","estado":"Terminado","data":"2020-11-07T18:00:00Z","equipa_fora":"CS Marítimo","jornada":"7","equipa_casa":"FC Famalicão","golos_fora":1},{"golos_casa":0,"equipa_vencedora":"Sporting Clube de Portugal","estado":"Terminado","data":"2020-11-07T20:30:00Z","equipa_fora":"Sporting Clube de Portugal","jornada":"7","equipa_casa":"Vitória SC","golos_fora":4},{"golos_casa":2,"equipa_vencedora":"CD Nacional","estado":"Terminado","data":"2020-11-08T15:00:00Z","equipa_fora":"Gil Vicente FC","jornada":"7","equipa_casa":"CD Nacional","golos_fora":1},{"golos_casa":3,"equipa_vencedora":"SC Farense","estado":"Terminado","data":"2020-11-08T15:00:00Z","equipa_fora":"Boavista FC","jornada":"7","equipa_casa":"SC Farense","golos_fora":1},{"golos_casa":3,"equipa_vencedora":"FC Porto","estado":"Terminado","data":"2020-11-08T17:30:00Z","equipa_fora":"Portimonense SC","jornada":"7","equipa_casa":"FC Porto","golos_fora":1},{"golos_casa":2,"equipa_vencedora":"Sporting Clube de Braga","estado":"Terminado","data":"2020-11-08T20:00:00Z","equipa_fora":"Sporting Clube de Braga","jornada":"7","equipa_casa":"Sport Lisboa e Benfica","golos_fora":3},{"golos_casa":null,"equipa_vencedora":null,"estado":"Não jogado","data":"2020-11-27T19:00:00Z","equipa_fora":"FC Famalicão","jornada":"8","equipa_casa":"FC Paços de Ferreira","golos_fora":null},{"golos_casa":null,"equipa_vencedora":null,"estado":"Não jogado","data":"2020-11-27T21:00:00Z","equipa_fora":"Vitória SC","jornada":"8","equipa_casa":"CD Tondela","golos_fora":null},{"golos_casa":null,"equipa_vencedora":null,"estado":"Não jogado","data":"2020-11-28T18:00:00Z","equipa_fora":"FC Porto","jornada":"8","equipa_casa":"CD Santa Clara","golos_fora":null},{"golos_casa":null,"equipa_vencedora":null,"estado":"Não jogado","data":"2020-11-28T20:30:00Z","equipa_fora":"Moreirense FC","jornada":"8","equipa_casa":"Sporting Clube de Portugal","golos_fora":null},{"golos_casa":null,"equipa_vencedora":null,"estado":"Não jogado","data":"2020-11-29T15:00:00Z","equipa_fora":"Rio Ave FC","jornada":"8","equipa_casa":"Gil Vicente FC","golos_fora":null},{"golos_casa":null,"equipa_vencedora":null,"estado":"Não jogado","data":"2020-11-29T15:00:00Z","equipa_fora":"CD Nacional","jornada":"8","equipa_casa":"Portimonense SC","golos_fora":null},{"golos_casa":null,"equipa_vencedora":null,"estado":"Não jogado","data":"2020-11-29T17:30:00Z","equipa_fora":"Os Belenenses Futebol","jornada":"8","equipa_casa":"Boavista FC","golos_fora":null},{"golos_casa":null,"equipa_vencedora":null,"estado":"Não jogado","data":"2020-11-29T20:00:00Z","equipa_fora":"SC Farense","jornada":"8","equipa_casa":"Sporting Clube de Braga","golos_fora":null},{"golos_casa":null,"equipa_vencedora":null,"estado":"Não jogado","data":"2020-11-30T19:00:00Z","equipa_fora":"Sport Lisboa e Benfica","jornada":"8","equipa_casa":"CS Marítimo","golos_fora":null},{"golos_casa":null,"equipa_vencedora":null,"estado":"Não jogado","data":"2020-12-01T21:45:00Z","equipa_fora":"FC Paços de Ferreira","jornada":"7","equipa_casa":"Moreirense FC","golos_fora":null},{"golos_casa":null,"equipa_vencedora":null,"estado":"Não jogado","data":"2020-12-04T15:30:00Z","equipa_fora":"Gil Vicente FC","jornada":"9","equipa_casa":"Moreirense FC","golos_fora":null},{"golos_casa":null,"equipa_vencedora":null,"estado":"Não jogado","data":"2020-12-05T15:30:00Z","equipa_fora":"Portimonense SC","jornada":"9","equipa_casa":"Vitória SC","golos_fora":null},{"golos_casa":null,"equipa_vencedora":null,"estado":"Não jogado","data":"2020-12-05T18:00:00Z","equipa_fora":"Sporting Clube de Portugal","jornada":"9","equipa_casa":"FC Famalicão","golos_fora":null},{"golos_casa":null,"equipa_vencedora":null,"estado":"Não jogado","data":"2020-12-05T20:30:00Z","equipa_fora":"CD Tondela","jornada":"9","equipa_casa":"FC Porto","golos_fora":null},{"golos_casa":null,"equipa_vencedora":null,"estado":"Não jogado","data":"2020-12-06T15:00:00Z","equipa_fora":"CD Santa Clara","jornada":"9","equipa_casa":"CD Nacional","golos_fora":null},{"golos_casa":null,"equipa_vencedora":null,"estado":"Não jogado","data":"2020-12-06T17:30:00Z","equipa_fora":"Boavista FC","jornada":"9","equipa_casa":"Rio Ave FC","golos_fora":null},{"golos_casa":null,"equipa_vencedora":null,"estado":"Não jogado","data":"2020-12-06T20:00:00Z","equipa_fora":"FC Paços de Ferreira","jornada":"9","equipa_casa":"Sport Lisboa e Benfica","golos_fora":null},{"golos_casa":null,"equipa_vencedora":null,"estado":"Não jogado","data":"2020-12-06T20:00:00Z","equipa_fora":"Sporting Clube de Braga","jornada":"9","equipa_casa":"Os Belenenses Futebol","golos_fora":null},{"golos_casa":null,"equipa_vencedora":null,"estado":"Não jogado","data":"2020-12-07T20:15:00Z","equipa_fora":"CS Marítimo","jornada":"9","equipa_casa":"SC Farense","golos_fora":null},{"golos_casa":null,"equipa_vencedora":null,"estado":"Não jogado","data":"2020-12-20T16:00:00Z","equipa_fora":"CD Nacional","jornada":"10","equipa_casa":"FC Porto","golos_fora":null},{"golos_casa":null,"equipa_vencedora":null,"estado":"Não jogado","data":"2020-12-20T16:00:00Z","equipa_fora":"Rio Ave FC","jornada":"10","equipa_casa":"Sporting Clube de Braga","golos_fora":null},{"golos_casa":null,"equipa_vencedora":null,"estado":"Não jogado","data":"2020-12-20T16:00:00Z","equipa_fora":"Os Belenenses Futebol","jornada":"10","equipa_casa":"CS Marítimo","golos_fora":null},{"golos_casa":null,"equipa_vencedora":null,"estado":"Não jogado","data":"2020-12-20T16:00:00Z","equipa_fora":"Boavista FC","jornada":"10","equipa_casa":"FC Paços de Ferreira","golos_fora":null},{"golos_casa":null,"equipa_vencedora":null,"estado":"Não jogado","data":"2020-12-20T16:00:00Z","equipa_fora":"Sport Lisboa e Benfica","jornada":"10","equipa_casa":"Gil Vicente FC","golos_fora":null},{"golos_casa":null,"equipa_vencedora":null,"estado":"Não jogado","data":"2020-12-20T16:00:00Z","equipa_fora":"SC Farense","jornada":"10","equipa_casa":"Sporting Clube de Portugal","golos_fora":null},{"golos_casa":null,"equipa_vencedora":null,"estado":"Não jogado","data":"2020-12-20T16:00:00Z","equipa_fora":"Vitória SC","jornada":"10","equipa_casa":"CD Santa Clara","golos_fora":null},{"golos_casa":null,"equipa_vencedora":null,"estado":"Não jogado","data":"2020-12-20T16:00:00Z","equipa_fora":"FC Famalicão","jornada":"10","equipa_casa":"Portimonense SC","golos_fora":null},{"golos_casa":null,"equipa_vencedora":null,"estado":"Não jogado","data":"2020-12-20T16:00:00Z","equipa_fora":"Moreirense FC","jornada":"10","equipa_casa":"CD Tondela","golos_fora":null},{"golos_casa":null,"equipa_vencedora":null,"estado":"Não jogado","data":"2020-12-27T16:00:00Z","equipa_fora":"CD Tondela","jornada":"11","equipa_casa":"CD Nacional","golos_fora":null},{"golos_casa":null,"equipa_vencedora":null,"estado":"Não jogado","data":"2020-12-27T16:00:00Z","equipa_fora":"CD Santa Clara","jornada":"11","equipa_casa":"Moreirense FC","golos_fora":null},{"golos_casa":null,"equipa_vencedora":null,"estado":"Não jogado","data":"2020-12-27T16:00:00Z","equipa_fora":"CS Marítimo","jornada":"11","equipa_casa":"Rio Ave FC","golos_fora":null},{"golos_casa":null,"equipa_vencedora":null,"estado":"Não jogado","data":"2020-12-27T16:00:00Z","equipa_fora":"Portimonense SC","jornada":"11","equipa_casa":"Sport Lisboa e Benfica","golos_fora":null},{"golos_casa":null,"equipa_vencedora":null,"estado":"Não jogado","data":"2020-12-27T16:00:00Z","equipa_fora":"FC Porto","jornada":"11","equipa_casa":"Vitória SC","golos_fora":null},{"golos_casa":null,"equipa_vencedora":null,"estado":"Não jogado","data":"2020-12-27T16:00:00Z","equipa_fora":"Sporting Clube de Portugal","jornada":"11","equipa_casa":"Os Belenenses Futebol","golos_fora":null},{"golos_casa":null,"equipa_vencedora":null,"estado":"Não jogado","data":"2020-12-27T16:00:00Z","equipa_fora":"Gil Vicente FC","jornada":"11","equipa_casa":"FC Famalicão","golos_fora":null},{"golos_casa":null,"equipa_vencedora":null,"estado":"Não jogado","data":"2020-12-27T16:00:00Z","equipa_fora":"Sporting Clube de Braga","jornada":"11","equipa_casa":"Boavista FC","golos_fora":null},{"golos_casa":null,"equipa_vencedora":null,"estado":"Não jogado","data":"2020-12-27T16:00:00Z","equipa_fora":"FC Paços de Ferreira","jornada":"11","equipa_casa":"SC Farense","golos_fora":null},{"golos_casa":null,"equipa_vencedora":null,"estado":"Não jogado","data":"2021-01-03T16:00:00Z","equipa_fora":"Moreirense FC","jornada":"12","equipa_casa":"FC Porto","golos_fora":null},{"golos_casa":null,"equipa_vencedora":null,"estado":"Não jogado","data":"2021-01-03T16:00:00Z","equipa_fora":"Boavista FC","jornada":"12","equipa_casa":"CS Marítimo","golos_fora":null},{"golos_casa":null,"equipa_vencedora":null,"estado":"Não jogado","data":"2021-01-03T16:00:00Z","equipa_fora":"Rio Ave FC","jornada":"12","equipa_casa":"FC Paços de Ferreira","golos_fora":null},{"golos_casa":null,"equipa_vencedora":null,"estado":"Não jogado","data":"2021-01-03T16:00:00Z","equipa_fora":"Os Belenenses Futebol","jornada":"12","equipa_casa":"Gil Vicente FC","golos_fora":null},{"golos_casa":null,"equipa_vencedora":null,"estado":"Não jogado","data":"2021-01-03T16:00:00Z","equipa_fora":"Sporting Clube de Braga","jornada":"12","equipa_casa":"Sporting Clube de Portugal","golos_fora":null},{"golos_casa":null,"equipa_vencedora":null,"estado":"Não jogado","data":"2021-01-03T16:00:00Z","equipa_fora":"CD Nacional","jornada":"12","equipa_casa":"Vitória SC","golos_fora":null},{"golos_casa":null,"equipa_vencedora":null,"estado":"Não jogado","data":"2021-01-03T16:00:00Z","equipa_fora":"Sport Lisboa e Benfica","jornada":"12","equipa_casa":"CD Santa Clara","golos_fora":null},{"golos_casa":null,"equipa_vencedora":null,"estado":"Não jogado","data":"2021-01-03T16:00:00Z","equipa_fora":"SC Farense","jornada":"12","equipa_casa":"Portimonense SC","golos_fora":null},{"golos_casa":null,"equipa_vencedora":null,"estado":"Não jogado","data":"2021-01-03T16:00:00Z","equipa_fora":"FC Famalicão","jornada":"12","equipa_casa":"CD Tondela","golos_fora":null},{"golos_casa":null,"equipa_vencedora":null,"estado":"Não jogado","data":"2021-01-10T16:00:00Z","equipa_fora":"Sporting Clube de Portugal","jornada":"13","equipa_casa":"CD Nacional","golos_fora":null},{"golos_casa":null,"equipa_vencedora":null,"estado":"Não jogado","data":"2021-01-10T16:00:00Z","equipa_fora":"CS Marítimo","jornada":"13","equipa_casa":"Sporting Clube de Braga","golos_fora":null},{"golos_casa":null,"equipa_vencedora":null,"estado":"Não jogado","data":"2021-01-10T16:00:00Z","equipa_fora":"Vitória SC","jornada":"13","equipa_casa":"Moreirense FC","golos_fora":null},{"golos_casa":null,"equipa_vencedora":null,"estado":"Não jogado","data":"2021-01-10T16:00:00Z","equipa_fora":"Portimonense SC","jornada":"13","equipa_casa":"Rio Ave FC","golos_fora":null},{"golos_casa":null,"equipa_vencedora":null,"estado":"Não jogado","data":"2021-01-10T16:00:00Z","equipa_fora":"CD Tondela","jornada":"13","equipa_casa":"Sport Lisboa e Benfica","golos_fora":null},{"golos_casa":null,"equipa_vencedora":null,"estado":"Não jogado","data":"2021-01-10T16:00:00Z","equipa_fora":"FC Paços de Ferreira","jornada":"13","equipa_casa":"Os Belenenses Futebol","golos_fora":null},{"golos_casa":null,"equipa_vencedora":null,"estado":"Não jogado","data":"2021-01-10T16:00:00Z","equipa_fora":"FC Porto","jornada":"13","equipa_casa":"FC Famalicão","golos_fora":null},{"golos_casa":null,"equipa_vencedora":null,"estado":"Não jogado","data":"2021-01-10T16:00:00Z","equipa_fora":"CD Santa Clara","jornada":"13","equipa_casa":"Boavista FC","golos_fora":null},{"golos_casa":null,"equipa_vencedora":null,"estado":"Não jogado","data":"2021-01-10T16:00:00Z","equipa_fora":"Gil Vicente FC","jornada":"13","equipa_casa":"SC Farense","golos_fora":null},{"golos_casa":null,"equipa_vencedora":null,"estado":"Não jogado","data":"2021-01-17T16:00:00Z","equipa_fora":"Sport Lisboa e Benfica","jornada":"14","equipa_casa":"FC Porto","golos_fora":null},{"golos_casa":null,"equipa_vencedora":null,"estado":"Não jogado","data":"2021-01-17T16:00:00Z","equipa_fora":"Moreirense FC","jornada":"14","equipa_casa":"CD Nacional","golos_fora":null},{"golos_casa":null,"equipa_vencedora":null,"estado":"Não jogado","data":"2021-01-17T16:00:00Z","equipa_fora":"Sporting Clube de Braga","jornada":"14","equipa_casa":"FC Paços de Ferreira","golos_fora":null},{"golos_casa":null,"equipa_vencedora":null,"estado":"Não jogado","data":"2021-01-17T16:00:00Z","equipa_fora":"CS Marítimo","jornada":"14","equipa_casa":"Gil Vicente FC","golos_fora":null},{"golos_casa":null,"equipa_vencedora":null,"estado":"Não jogado","data":"2021-01-17T16:00:00Z","equipa_fora":"Rio Ave FC","jornada":"14","equipa_casa":"Sporting Clube de Portugal","golos_fora":null},{"golos_casa":null,"equipa_vencedora":null,"estado":"Não jogado","data":"2021-01-17T16:00:00Z","equipa_fora":"SC Farense","jornada":"14","equipa_casa":"Vitória SC","golos_fora":null},{"golos_casa":null,"equipa_vencedora":null,"estado":"Não jogado","data":"2021-01-17T16:00:00Z","equipa_fora":"FC Famalicão","jornada":"14","equipa_casa":"CD Santa Clara","golos_fora":null},{"golos_casa":null,"equipa_vencedora":null,"estado":"Não jogado","data":"2021-01-17T16:00:00Z","equipa_fora":"Os Belenenses Futebol","jornada":"14","equipa_casa":"Portimonense SC","golos_fora":null},{"golos_casa":null,"equipa_vencedora":null,"estado":"Não jogado","data":"2021-01-17T16:00:00Z","equipa_fora":"Boavista FC","jornada":"14","equipa_casa":"CD Tondela","golos_fora":null},{"golos_casa":null,"equipa_vencedora":null,"estado":"Não jogado","data":"2021-01-24T16:00:00Z","equipa_fora":"Gil Vicente FC","jornada":"15","equipa_casa":"Sporting Clube de Braga","golos_fora":null},{"golos_casa":null,"equipa_vencedora":null,"estado":"Não jogado","data":"2021-01-24T16:00:00Z","equipa_fora":"FC Paços de Ferreira","jornada":"15","equipa_casa":"CS Marítimo","golos_fora":null},{"golos_casa":null,"equipa_vencedora":null,"estado":"Não jogado","data":"2021-01-24T16:00:00Z","equipa_fora":"Portimonense SC","jornada":"15","equipa_casa":"Moreirense FC","golos_fora":null},{"golos_casa":null,"equipa_vencedora":null,"estado":"Não jogado","data":"2021-01-24T16:00:00Z","equipa_fora":"CD Santa Clara","jornada":"15","equipa_casa":"Rio Ave FC","golos_fora":null},{"golos_casa":null,"equipa_vencedora":null,"estado":"Não jogado","data":"2021-01-24T16:00:00Z","equipa_fora":"CD Nacional","jornada":"15","equipa_casa":"Sport Lisboa e Benfica","golos_fora":null},{"golos_casa":null,"equipa_vencedora":null,"estado":"Não jogado","data":"2021-01-24T16:00:00Z","equipa_fora":"CD Tondela","jornada":"15","equipa_casa":"Os Belenenses Futebol","golos_fora":null},{"golos_casa":null,"equipa_vencedora":null,"estado":"Não jogado","data":"2021-01-24T16:00:00Z","equipa_fora":"Vitória SC","jornada":"15","equipa_casa":"FC Famalicão","golos_fora":null},{"golos_casa":null,"equipa_vencedora":null,"estado":"Não jogado","data":"2021-01-24T16:00:00Z","equipa_fora":"Sporting Clube de Portugal","jornada":"15","equipa_casa":"Boavista FC","golos_fora":null},{"golos_casa":null,"equipa_vencedora":null,"estado":"Não jogado","data":"2021-01-24T16:00:00Z","equipa_fora":"FC Porto","jornada":"15","equipa_casa":"SC Farense","golos_fora":null},{"golos_casa":null,"equipa_vencedora":null,"estado":"Não jogado","data":"2021-01-31T16:00:00Z","equipa_fora":"Rio Ave FC","jornada":"16","equipa_casa":"FC Porto","golos_fora":null},{"golos_casa":null,"equipa_vencedora":null,"estado":"Não jogado","data":"2021-01-31T16:00:00Z","equipa_fora":"FC Famalicão","jornada":"16","equipa_casa":"CD Nacional","golos_fora":null},{"golos_casa":null,"equipa_vencedora":null,"estado":"Não jogado","data":"2021-01-31T16:00:00Z","equipa_fora":"FC Paços de Ferreira","jornada":"16","equipa_casa":"Gil Vicente FC","golos_fora":null},{"golos_casa":null,"equipa_vencedora":null,"estado":"Não jogado","data":"2021-01-31T16:00:00Z","equipa_fora":"Sporting Clube de Braga","jornada":"16","equipa_casa":"Moreirense FC","golos_fora":null},{"golos_casa":null,"equipa_vencedora":null,"estado":"Não jogado","data":"2021-01-31T16:00:00Z","equipa_fora":"Sport Lisboa e Benfica","jornada":"16","equipa_casa":"Sporting Clube de Portugal","golos_fora":null},{"golos_casa":null,"equipa_vencedora":null,"estado":"Não jogado","data":"2021-01-31T16:00:00Z","equipa_fora":"CS Marítimo","jornada":"16","equipa_casa":"Vitória SC","golos_fora":null},{"golos_casa":null,"equipa_vencedora":null,"estado":"Não jogado","data":"2021-01-31T16:00:00Z","equipa_fora":"Os Belenenses Futebol","jornada":"16","equipa_casa":"CD Santa Clara","golos_fora":null},{"golos_casa":null,"equipa_vencedora":null,"estado":"Não jogado","data":"2021-01-31T16:00:00Z","equipa_fora":"Boavista FC","jornada":"16","equipa_casa":"Portimonense SC","golos_fora":null},{"golos_casa":null,"equipa_vencedora":null,"estado":"Não jogado","data":"2021-01-31T16:00:00Z","equipa_fora":"SC Farense","jornada":"16","equipa_casa":"CD Tondela","golos_fora":null},{"golos_casa":null,"equipa_vencedora":null,"estado":"Não jogado","data":"2021-02-03T16:00:00Z","equipa_fora":"Portimonense SC","jornada":"17","equipa_casa":"Sporting Clube de Braga","golos_fora":null},{"golos_casa":null,"equipa_vencedora":null,"estado":"Não jogado","data":"2021-02-03T16:00:00Z","equipa_fora":"Sporting Clube de Portugal","jornada":"17","equipa_casa":"CS Marítimo","golos_fora":null},{"golos_casa":null,"equipa_vencedora":null,"estado":"Não jogado","data":"2021-02-03T16:00:00Z","equipa_fora":"CD Tondela","jornada":"17","equipa_casa":"FC Paços de Ferreira","golos_fora":null},{"golos_casa":null,"equipa_vencedora":null,"estado":"Não jogado","data":"2021-02-03T16:00:00Z","equipa_fora":"CD Nacional","jornada":"17","equipa_casa":"Rio Ave FC","golos_fora":null},{"golos_casa":null,"equipa_vencedora":null,"estado":"Não jogado","data":"2021-02-03T16:00:00Z","equipa_fora":"Vitória SC","jornada":"17","equipa_casa":"Sport Lisboa e Benfica","golos_fora":null},{"golos_casa":null,"equipa_vencedora":null,"estado":"Não jogado","data":"2021-02-03T16:00:00Z","equipa_fora":"FC Porto","jornada":"17","equipa_casa":"Os Belenenses Futebol","golos_fora":null},{"golos_casa":null,"equipa_vencedora":null,"estado":"Não jogado","data":"2021-02-03T16:00:00Z","equipa_fora":"Moreirense FC","jornada":"17","equipa_casa":"FC Famalicão","golos_fora":null},{"golos_casa":null,"equipa_vencedora":null,"estado":"Não jogado","data":"2021-02-03T16:00:00Z","equipa_fora":"Gil Vicente FC","jornada":"17","equipa_casa":"Boavista FC","golos_fora":null},{"golos_casa":null,"equipa_vencedora":null,"estado":"Não jogado","data":"2021-02-03T16:00:00Z","equipa_fora":"CD Santa Clara","jornada":"17","equipa_casa":"SC Farense","golos_fora":null},{"golos_casa":null,"equipa_vencedora":null,"estado":"Não jogado","data":"2021-02-07T16:00:00Z","equipa_fora":"FC Porto","jornada":"18","equipa_casa":"Sporting Clube de Braga","golos_fora":null},{"golos_casa":null,"equipa_vencedora":null,"estado":"Não jogado","data":"2021-02-07T16:00:00Z","equipa_fora":"CD Santa Clara","jornada":"18","equipa_casa":"CS Marítimo","golos_fora":null},{"golos_casa":null,"equipa_vencedora":null,"estado":"Não jogado","data":"2021-02-07T16:00:00Z","equipa_fora":"Portimonense SC","jornada":"18","equipa_casa":"FC Paços de Ferreira","golos_fora":null},{"golos_casa":null,"equipa_vencedora":null,"estado":"Não jogado","data":"2021-02-07T16:00:00Z","equipa_fora":"Sporting Clube de Portugal","jornada":"18","equipa_casa":"Gil Vicente FC","golos_fora":null},{"golos_casa":null,"equipa_vencedora":null,"estado":"Não jogado","data":"2021-02-07T16:00:00Z","equipa_fora":"CD Tondela","jornada":"18","equipa_casa":"Rio Ave FC","golos_fora":null},{"golos_casa":null,"equipa_vencedora":null,"estado":"Não jogado","data":"2021-02-07T16:00:00Z","equipa_fora":"FC Famalicão","jornada":"18","equipa_casa":"Sport Lisboa e Benfica","golos_fora":null},{"golos_casa":null,"equipa_vencedora":null,"estado":"Não jogado","data":"2021-02-07T16:00:00Z","equipa_fora":"Vitória SC","jornada":"18","equipa_casa":"Os Belenenses Futebol","golos_fora":null},{"golos_casa":null,"equipa_vencedora":null,"estado":"Não jogado","data":"2021-02-07T16:00:00Z","equipa_fora":"CD Nacional","jornada":"18","equipa_casa":"Boavista FC","golos_fora":null},{"golos_casa":null,"equipa_vencedora":null,"estado":"Não jogado","data":"2021-02-07T16:00:00Z","equipa_fora":"Moreirense FC","jornada":"18","equipa_casa":"SC Farense","golos_fora":null},{"golos_casa":null,"equipa_vencedora":null,"estado":"Não jogado","data":"2021-02-14T16:00:00Z","equipa_fora":"Boavista FC","jornada":"19","equipa_casa":"FC Porto","golos_fora":null},{"golos_casa":null,"equipa_vencedora":null,"estado":"Não jogado","data":"2021-02-14T16:00:00Z","equipa_fora":"SC Farense","jornada":"19","equipa_casa":"CD Nacional","golos_fora":null},{"golos_casa":null,"equipa_vencedora":null,"estado":"Não jogado","data":"2021-02-14T16:00:00Z","equipa_fora":"Sport Lisboa e Benfica","jornada":"19","equipa_casa":"Moreirense FC","golos_fora":null},{"golos_casa":null,"equipa_vencedora":null,"estado":"Não jogado","data":"2021-02-14T16:00:00Z","equipa_fora":"FC Paços de Ferreira","jornada":"19","equipa_casa":"Sporting Clube de Portugal","golos_fora":null},{"golos_casa":null,"equipa_vencedora":null,"estado":"Não jogado","data":"2021-02-14T16:00:00Z","equipa_fora":"Rio Ave FC","jornada":"19","equipa_casa":"Vitória SC","golos_fora":null},{"golos_casa":null,"equipa_vencedora":null,"estado":"Não jogado","data":"2021-02-14T16:00:00Z","equipa_fora":"Sporting Clube de Braga","jornada":"19","equipa_casa":"CD Santa Clara","golos_fora":null},{"golos_casa":null,"equipa_vencedora":null,"estado":"Não jogado","data":"2021-02-14T16:00:00Z","equipa_fora":"Gil Vicente FC","jornada":"19","equipa_casa":"Portimonense SC","golos_fora":null},{"golos_casa":null,"equipa_vencedora":null,"estado":"Não jogado","data":"2021-02-14T16:00:00Z","equipa_fora":"Os Belenenses Futebol","jornada":"19","equipa_casa":"FC Famalicão","golos_fora":null},{"golos_casa":null,"equipa_vencedora":null,"estado":"Não jogado","data":"2021-02-14T16:00:00Z","equipa_fora":"CS Marítimo","jornada":"19","equipa_casa":"CD Tondela","golos_fora":null},{"golos_casa":null,"equipa_vencedora":null,"estado":"Não jogado","data":"2021-02-21T16:00:00Z","equipa_fora":"CD Tondela","jornada":"20","equipa_casa":"Sporting Clube de Braga","golos_fora":null},{"golos_casa":null,"equipa_vencedora":null,"estado":"Não jogado","data":"2021-02-21T16:00:00Z","equipa_fora":"FC Porto","jornada":"20","equipa_casa":"CS Marítimo","golos_fora":null},{"golos_casa":null,"equipa_vencedora":null,"estado":"Não jogado","data":"2021-02-21T16:00:00Z","equipa_fora":"Vitória SC","jornada":"20","equipa_casa":"FC Paços de Ferreira","golos_fora":null},{"golos_casa":null,"equipa_vencedora":null,"estado":"Não jogado","data":"2021-02-21T16:00:00Z","equipa_fora":"CD Santa Clara","jornada":"20","equipa_casa":"Gil Vicente FC","golos_fora":null},{"golos_casa":null,"equipa_vencedora":null,"estado":"Não jogado","data":"2021-02-21T16:00:00Z","equipa_fora":"FC Famalicão","jornada":"20","equipa_casa":"Rio Ave FC","golos_fora":null},{"golos_casa":null,"equipa_vencedora":null,"estado":"Não jogado","data":"2021-02-21T16:00:00Z","equipa_fora":"Portimonense SC","jornada":"20","equipa_casa":"Sporting Clube de Portugal","golos_fora":null},{"golos_casa":null,"equipa_vencedora":null,"estado":"Não jogado","data":"2021-02-21T16:00:00Z","equipa_fora":"CD Nacional","jornada":"20","equipa_casa":"Os Belenenses Futebol","golos_fora":null},{"golos_casa":null,"equipa_vencedora":null,"estado":"Não jogado","data":"2021-02-21T16:00:00Z","equipa_fora":"Moreirense FC","jornada":"20","equipa_casa":"Boavista FC","golos_fora":null},{"golos_casa":null,"equipa_vencedora":null,"estado":"Não jogado","data":"2021-02-21T16:00:00Z","equipa_fora":"Sport Lisboa e Benfica","jornada":"20","equipa_casa":"SC Farense","golos_fora":null},{"golos_casa":null,"equipa_vencedora":null,"estado":"Não jogado","data":"2021-02-28T16:00:00Z","equipa_fora":"Sporting Clube de Portugal","jornada":"21","equipa_casa":"FC Porto","golos_fora":null},{"golos_casa":null,"equipa_vencedora":null,"estado":"Não jogado","data":"2021-02-28T16:00:00Z","equipa_fora":"Sporting Clube de Braga","jornada":"21","equipa_casa":"CD Nacional","golos_fora":null},{"golos_casa":null,"equipa_vencedora":null,"estado":"Não jogado","data":"2021-02-28T16:00:00Z","equipa_fora":"Os Belenenses Futebol","jornada":"21","equipa_casa":"Moreirense FC","golos_fora":null},{"golos_casa":null,"equipa_vencedora":null,"estado":"Não jogado","data":"2021-02-28T16:00:00Z","equipa_fora":"Rio Ave FC","jornada":"21","equipa_casa":"Sport Lisboa e Benfica","golos_fora":null},{"golos_casa":null,"equipa_vencedora":null,"estado":"Não jogado","data":"2021-02-28T16:00:00Z","equipa_fora":"Boavista FC","jornada":"21","equipa_casa":"Vitória SC","golos_fora":null},{"golos_casa":null,"equipa_vencedora":null,"estado":"Não jogado","data":"2021-02-28T16:00:00Z","equipa_fora":"FC Paços de Ferreira","jornada":"21","equipa_casa":"CD Santa Clara","golos_fora":null},{"golos_casa":null,"equipa_vencedora":null,"estado":"Não jogado","data":"2021-02-28T16:00:00Z","equipa_fora":"CS Marítimo","jornada":"21","equipa_casa":"Portimonense SC","golos_fora":null},{"golos_casa":null,"equipa_vencedora":null,"estado":"Não jogado","data":"2021-02-28T16:00:00Z","equipa_fora":"SC Farense","jornada":"21","equipa_casa":"FC Famalicão","golos_fora":null},{"golos_casa":null,"equipa_vencedora":null,"estado":"Não jogado","data":"2021-02-28T16:00:00Z","equipa_fora":"Gil Vicente FC","jornada":"21","equipa_casa":"CD Tondela","golos_fora":null},{"golos_casa":null,"equipa_vencedora":null,"estado":"Não jogado","data":"2021-03-07T16:00:00Z","equipa_fora":"FC Porto","jornada":"22","equipa_casa":"Gil Vicente FC","golos_fora":null},{"golos_casa":null,"equipa_vencedora":null,"estado":"Não jogado","data":"2021-03-07T16:00:00Z","equipa_fora":"SC Farense","jornada":"22","equipa_casa":"Rio Ave FC","golos_fora":null},{"golos_casa":null,"equipa_vencedora":null,"estado":"Não jogado","data":"2021-03-07T16:00:00Z","equipa_fora":"CD Santa Clara","jornada":"22","equipa_casa":"Sporting Clube de Portugal","golos_fora":null},{"golos_casa":null,"equipa_vencedora":null,"estado":"Não jogado","data":"2021-03-07T16:00:00Z","equipa_fora":"Sport Lisboa e Benfica","jornada":"22","equipa_casa":"Os Belenenses Futebol","golos_fora":null},{"golos_casa":null,"equipa_vencedora":null,"estado":"Não jogado","data":"2021-03-07T16:00:00Z","equipa_fora":"CD Tondela","jornada":"22","equipa_casa":"Portimonense SC","golos_fora":null},{"golos_casa":null,"equipa_vencedora":null,"estado":"Não jogado","data":"2021-03-07T16:00:00Z","equipa_fora":"FC Famalicão","jornada":"22","equipa_casa":"Boavista FC","golos_fora":null},{"golos_casa":null,"equipa_vencedora":null,"estado":"Não jogado","data":"2021-03-07T16:00:00Z","equipa_fora":"Vitória SC","jornada":"22","equipa_casa":"Sporting Clube de Braga","golos_fora":null},{"golos_casa":null,"equipa_vencedora":null,"estado":"Não jogado","data":"2021-03-07T16:00:00Z","equipa_fora":"Moreirense FC","jornada":"22","equipa_casa":"CS Marítimo","golos_fora":null},{"golos_casa":null,"equipa_vencedora":null,"estado":"Não jogado","data":"2021-03-07T16:00:00Z","equipa_fora":"CD Nacional","jornada":"22","equipa_casa":"FC Paços de Ferreira","golos_fora":null},{"golos_casa":null,"equipa_vencedora":null,"estado":"Não jogado","data":"2021-03-14T16:00:00Z","equipa_fora":"FC Paços de Ferreira","jornada":"23","equipa_casa":"FC Porto","golos_fora":null},{"golos_casa":null,"equipa_vencedora":null,"estado":"Não jogado","data":"2021-03-14T16:00:00Z","equipa_fora":"CS Marítimo","jornada":"23","equipa_casa":"CD Nacional","golos_fora":null},{"golos_casa":null,"equipa_vencedora":null,"estado":"Não jogado","data":"2021-03-14T16:00:00Z","equipa_fora":"Rio Ave FC","jornada":"23","equipa_casa":"Moreirense FC","golos_fora":null},{"golos_casa":null,"equipa_vencedora":null,"estado":"Não jogado","data":"2021-03-14T16:00:00Z","equipa_fora":"Boavista FC","jornada":"23","equipa_casa":"Sport Lisboa e Benfica","golos_fora":null},{"golos_casa":null,"equipa_vencedora":null,"estado":"Não jogado","data":"2021-03-14T16:00:00Z","equipa_fora":"Gil Vicente FC","jornada":"23","equipa_casa":"Vitória SC","golos_fora":null},{"golos_casa":null,"equipa_vencedora":null,"estado":"Não jogado","data":"2021-03-14T16:00:00Z","equipa_fora":"Portimonense SC","jornada":"23","equipa_casa":"CD Santa Clara","golos_fora":null},{"golos_casa":null,"equipa_vencedora":null,"estado":"Não jogado","data":"2021-03-14T16:00:00Z","equipa_fora":"Sporting Clube de Braga","jornada":"23","equipa_casa":"FC Famalicão","golos_fora":null},{"golos_casa":null,"equipa_vencedora":null,"estado":"Não jogado","data":"2021-03-14T16:00:00Z","equipa_fora":"Os Belenenses Futebol","jornada":"23","equipa_casa":"SC Farense","golos_fora":null},{"golos_casa":null,"equipa_vencedora":null,"estado":"Não jogado","data":"2021-03-14T16:00:00Z","equipa_fora":"Sporting Clube de Portugal","jornada":"23","equipa_casa":"CD Tondela","golos_fora":null},{"golos_casa":null,"equipa_vencedora":null,"estado":"Não jogado","data":"2021-03-21T16:00:00Z","equipa_fora":"Sport Lisboa e Benfica","jornada":"24","equipa_casa":"Sporting Clube de Braga","golos_fora":null},{"golos_casa":null,"equipa_vencedora":null,"estado":"Não jogado","data":"2021-03-21T16:00:00Z","equipa_fora":"FC Famalicão","jornada":"24","equipa_casa":"CS Marítimo","golos_fora":null},{"golos_casa":null,"equipa_vencedora":null,"estado":"Não jogado","data":"2021-03-21T16:00:00Z","equipa_fora":"Moreirense FC","jornada":"24","equipa_casa":"FC Paços de Ferreira","golos_fora":null},{"golos_casa":null,"equipa_vencedora":null,"estado":"Não jogado","data":"2021-03-21T16:00:00Z","equipa_fora":"CD Nacional","jornada":"24","equipa_casa":"Gil Vicente FC","golos_fora":null},{"golos_casa":null,"equipa_vencedora":null,"estado":"Não jogado","data":"2021-03-21T16:00:00Z","equipa_fora":"Os Belenenses Futebol","jornada":"24","equipa_casa":"Rio Ave FC","golos_fora":null},{"golos_casa":null,"equipa_vencedora":null,"estado":"Não jogado","data":"2021-03-21T16:00:00Z","equipa_fora":"Vitória SC","jornada":"24","equipa_casa":"Sporting Clube de Portugal","golos_fora":null},{"golos_casa":null,"equipa_vencedora":null,"estado":"Não jogado","data":"2021-03-21T16:00:00Z","equipa_fora":"CD Tondela","jornada":"24","equipa_casa":"CD Santa Clara","golos_fora":null},{"golos_casa":null,"equipa_vencedora":null,"estado":"Não jogado","data":"2021-03-21T16:00:00Z","equipa_fora":"FC Porto","jornada":"24","equipa_casa":"Portimonense SC","golos_fora":null},{"golos_casa":null,"equipa_vencedora":null,"estado":"Não jogado","data":"2021-03-21T16:00:00Z","equipa_fora":"SC Farense","jornada":"24","equipa_casa":"Boavista FC","golos_fora":null},{"golos_casa":null,"equipa_vencedora":null,"estado":"Não jogado","data":"2021-04-03T15:00:00Z","equipa_fora":"CD Santa Clara","jornada":"25","equipa_casa":"FC Porto","golos_fora":null},{"golos_casa":null,"equipa_vencedora":null,"estado":"Não jogado","data":"2021-04-03T15:00:00Z","equipa_fora":"Portimonense SC","jornada":"25","equipa_casa":"CD Nacional","golos_fora":null},{"golos_casa":null,"equipa_vencedora":null,"estado":"Não jogado","data":"2021-04-03T15:00:00Z","equipa_fora":"Sporting Clube de Portugal","jornada":"25","equipa_casa":"Moreirense FC","golos_fora":null},{"golos_casa":null,"equipa_vencedora":null,"estado":"Não jogado","data":"2021-04-03T15:00:00Z","equipa_fora":"Gil Vicente FC","jornada":"25","equipa_casa":"Rio Ave FC","golos_fora":null},{"golos_casa":null,"equipa_vencedora":null,"estado":"Não jogado","data":"2021-04-03T15:00:00Z","equipa_fora":"CS Marítimo","jornada":"25","equipa_casa":"Sport Lisboa e Benfica","golos_fora":null},{"golos_casa":null,"equipa_vencedora":null,"estado":"Não jogado","data":"2021-04-03T15:00:00Z","equipa_fora":"CD Tondela","jornada":"25","equipa_casa":"Vitória SC","golos_fora":null},{"golos_casa":null,"equipa_vencedora":null,"estado":"Não jogado","data":"2021-04-03T15:00:00Z","equipa_fora":"Boavista FC","jornada":"25","equipa_casa":"Os Belenenses Futebol","golos_fora":null},{"golos_casa":null,"equipa_vencedora":null,"estado":"Não jogado","data":"2021-04-03T15:00:00Z","equipa_fora":"FC Paços de Ferreira","jornada":"25","equipa_casa":"FC Famalicão","golos_fora":null},{"golos_casa":null,"equipa_vencedora":null,"estado":"Não jogado","data":"2021-04-03T15:00:00Z","equipa_fora":"Sporting Clube de Braga","jornada":"25","equipa_casa":"SC Farense","golos_fora":null},{"golos_casa":null,"equipa_vencedora":null,"estado":"Não jogado","data":"2021-04-11T15:00:00Z","equipa_fora":"Os Belenenses Futebol","jornada":"26","equipa_casa":"Sporting Clube de Braga","golos_fora":null},{"golos_casa":null,"equipa_vencedora":null,"estado":"Não jogado","data":"2021-04-11T15:00:00Z","equipa_fora":"SC Farense","jornada":"26","equipa_casa":"CS Marítimo","golos_fora":null},{"golos_casa":null,"equipa_vencedora":null,"estado":"Não jogado","data":"2021-04-11T15:00:00Z","equipa_fora":"Sport Lisboa e Benfica","jornada":"26","equipa_casa":"FC Paços de Ferreira","golos_fora":null},{"golos_casa":null,"equipa_vencedora":null,"estado":"Não jogado","data":"2021-04-11T15:00:00Z","equipa_fora":"Moreirense FC","jornada":"26","equipa_casa":"Gil Vicente FC","golos_fora":null},{"golos_casa":null,"equipa_vencedora":null,"estado":"Não jogado","data":"2021-04-11T15:00:00Z","equipa_fora":"FC Famalicão","jornada":"26","equipa_casa":"Sporting Clube de Portugal","golos_fora":null},{"golos_casa":null,"equipa_vencedora":null,"estado":"Não jogado","data":"2021-04-11T15:00:00Z","equipa_fora":"CD Nacional","jornada":"26","equipa_casa":"CD Santa Clara","golos_fora":null},{"golos_casa":null,"equipa_vencedora":null,"estado":"Não jogado","data":"2021-04-11T15:00:00Z","equipa_fora":"Vitória SC","jornada":"26","equipa_casa":"Portimonense SC","golos_fora":null},{"golos_casa":null,"equipa_vencedora":null,"estado":"Não jogado","data":"2021-04-11T15:00:00Z","equipa_fora":"Rio Ave FC","jornada":"26","equipa_casa":"Boavista FC","golos_fora":null},{"golos_casa":null,"equipa_vencedora":null,"estado":"Não jogado","data":"2021-04-11T15:00:00Z","equipa_fora":"FC Porto","jornada":"26","equipa_casa":"CD Tondela","golos_fora":null},{"golos_casa":null,"equipa_vencedora":null,"estado":"Não jogado","data":"2021-04-18T15:00:00Z","equipa_fora":"FC Porto","jornada":"27","equipa_casa":"CD Nacional","golos_fora":null},{"golos_casa":null,"equipa_vencedora":null,"estado":"Não jogado","data":"2021-04-18T15:00:00Z","equipa_fora":"CD Tondela","jornada":"27","equipa_casa":"Moreirense FC","golos_fora":null},{"golos_casa":null,"equipa_vencedora":null,"estado":"Não jogado","data":"2021-04-18T15:00:00Z","equipa_fora":"Sporting Clube de Braga","jornada":"27","equipa_casa":"Rio Ave FC","golos_fora":null},{"golos_casa":null,"equipa_vencedora":null,"estado":"Não jogado","data":"2021-04-18T15:00:00Z","equipa_fora":"Gil Vicente FC","jornada":"27","equipa_casa":"Sport Lisboa e Benfica","golos_fora":null},{"golos_casa":null,"equipa_vencedora":null,"estado":"Não jogado","data":"2021-04-18T15:00:00Z","equipa_fora":"CD Santa Clara","jornada":"27","equipa_casa":"Vitória SC","golos_fora":null},{"golos_casa":null,"equipa_vencedora":null,"estado":"Não jogado","data":"2021-04-18T15:00:00Z","equipa_fora":"CS Marítimo","jornada":"27","equipa_casa":"Os Belenenses Futebol","golos_fora":null},{"golos_casa":null,"equipa_vencedora":null,"estado":"Não jogado","data":"2021-04-18T15:00:00Z","equipa_fora":"Portimonense SC","jornada":"27","equipa_casa":"FC Famalicão","golos_fora":null},{"golos_casa":null,"equipa_vencedora":null,"estado":"Não jogado","data":"2021-04-18T15:00:00Z","equipa_fora":"FC Paços de Ferreira","jornada":"27","equipa_casa":"Boavista FC","golos_fora":null},{"golos_casa":null,"equipa_vencedora":null,"estado":"Não jogado","data":"2021-04-18T15:00:00Z","equipa_fora":"Sporting Clube de Portugal","jornada":"27","equipa_casa":"SC Farense","golos_fora":null},{"golos_casa":null,"equipa_vencedora":null,"estado":"Não jogado","data":"2021-04-21T15:00:00Z","equipa_fora":"Vitória SC","jornada":"28","equipa_casa":"FC Porto","golos_fora":null},{"golos_casa":null,"equipa_vencedora":null,"estado":"Não jogado","data":"2021-04-21T15:00:00Z","equipa_fora":"Boavista FC","jornada":"28","equipa_casa":"Sporting Clube de Braga","golos_fora":null},{"golos_casa":null,"equipa_vencedora":null,"estado":"Não jogado","data":"2021-04-21T15:00:00Z","equipa_fora":"Rio Ave FC","jornada":"28","equipa_casa":"CS Marítimo","golos_fora":null},{"golos_casa":null,"equipa_vencedora":null,"estado":"Não jogado","data":"2021-04-21T15:00:00Z","equipa_fora":"SC Farense","jornada":"28","equipa_casa":"FC Paços de Ferreira","golos_fora":null},{"golos_casa":null,"equipa_vencedora":null,"estado":"Não jogado","data":"2021-04-21T15:00:00Z","equipa_fora":"FC Famalicão","jornada":"28","equipa_casa":"Gil Vicente FC","golos_fora":null},{"golos_casa":null,"equipa_vencedora":null,"estado":"Não jogado","data":"2021-04-21T15:00:00Z","equipa_fora":"Os Belenenses Futebol","jornada":"28","equipa_casa":"Sporting Clube de Portugal","golos_fora":null},{"golos_casa":null,"equipa_vencedora":null,"estado":"Não jogado","data":"2021-04-21T15:00:00Z","equipa_fora":"Moreirense FC","jornada":"28","equipa_casa":"CD Santa Clara","golos_fora":null},{"golos_casa":null,"equipa_vencedora":null,"estado":"Não jogado","data":"2021-04-21T15:00:00Z","equipa_fora":"Sport Lisboa e Benfica","jornada":"28","equipa_casa":"Portimonense SC","golos_fora":null},{"golos_casa":null,"equipa_vencedora":null,"estado":"Não jogado","data":"2021-04-21T15:00:00Z","equipa_fora":"CD Nacional","jornada":"28","equipa_casa":"CD Tondela","golos_fora":null},{"golos_casa":null,"equipa_vencedora":null,"estado":"Não jogado","data":"2021-04-25T15:00:00Z","equipa_fora":"Vitória SC","jornada":"29","equipa_casa":"CD Nacional","golos_fora":null},{"golos_casa":null,"equipa_vencedora":null,"estado":"Não jogado","data":"2021-04-25T15:00:00Z","equipa_fora":"Sporting Clube de Portugal","jornada":"29","equipa_casa":"Sporting Clube de Braga","golos_fora":null},{"golos_casa":null,"equipa_vencedora":null,"estado":"Não jogado","data":"2021-04-25T15:00:00Z","equipa_fora":"FC Porto","jornada":"29","equipa_casa":"Moreirense FC","golos_fora":null},{"golos_casa":null,"equipa_vencedora":null,"estado":"Não jogado","data":"2021-04-25T15:00:00Z","equipa_fora":"FC Paços de Ferreira","jornada":"29","equipa_casa":"Rio Ave FC","golos_fora":null},{"golos_casa":null,"equipa_vencedora":null,"estado":"Não jogado","data":"2021-04-25T15:00:00Z","equipa_fora":"CD Santa Clara","jornada":"29","equipa_casa":"Sport Lisboa e Benfica","golos_fora":null},{"golos_casa":null,"equipa_vencedora":null,"estado":"Não jogado","data":"2021-04-25T15:00:00Z","equipa_fora":"Gil Vicente FC","jornada":"29","equipa_casa":"Os Belenenses Futebol","golos_fora":null},{"golos_casa":null,"equipa_vencedora":null,"estado":"Não jogado","data":"2021-04-25T15:00:00Z","equipa_fora":"CD Tondela","jornada":"29","equipa_casa":"FC Famalicão","golos_fora":null},{"golos_casa":null,"equipa_vencedora":null,"estado":"Não jogado","data":"2021-04-25T15:00:00Z","equipa_fora":"CS Marítimo","jornada":"29","equipa_casa":"Boavista FC","golos_fora":null},{"golos_casa":null,"equipa_vencedora":null,"estado":"Não jogado","data":"2021-04-25T15:00:00Z","equipa_fora":"Portimonense SC","jornada":"29","equipa_casa":"SC Farense","golos_fora":null},{"golos_casa":null,"equipa_vencedora":null,"estado":"Não jogado","data":"2021-05-02T15:00:00Z","equipa_fora":"FC Famalicão","jornada":"30","equipa_casa":"FC Porto","golos_fora":null},{"golos_casa":null,"equipa_vencedora":null,"estado":"Não jogado","data":"2021-05-02T15:00:00Z","equipa_fora":"Sporting Clube de Braga","jornada":"30","equipa_casa":"CS Marítimo","golos_fora":null},{"golos_casa":null,"equipa_vencedora":null,"estado":"Não jogado","data":"2021-05-02T15:00:00Z","equipa_fora":"Os Belenenses Futebol","jornada":"30","equipa_casa":"FC Paços de Ferreira","golos_fora":null},{"golos_casa":null,"equipa_vencedora":null,"estado":"Não jogado","data":"2021-05-02T15:00:00Z","equipa_fora":"SC Farense","jornada":"30","equipa_casa":"Gil Vicente FC","golos_fora":null},{"golos_casa":null,"equipa_vencedora":null,"estado":"Não jogado","data":"2021-05-02T15:00:00Z","equipa_fora":"CD Nacional","jornada":"30","equipa_casa":"Sporting Clube de Portugal","golos_fora":null},{"golos_casa":null,"equipa_vencedora":null,"estado":"Não jogado","data":"2021-05-02T15:00:00Z","equipa_fora":"Moreirense FC","jornada":"30","equipa_casa":"Vitória SC","golos_fora":null},{"golos_casa":null,"equipa_vencedora":null,"estado":"Não jogado","data":"2021-05-02T15:00:00Z","equipa_fora":"Boavista FC","jornada":"30","equipa_casa":"CD Santa Clara","golos_fora":null},{"golos_casa":null,"equipa_vencedora":null,"estado":"Não jogado","data":"2021-05-02T15:00:00Z","equipa_fora":"Rio Ave FC","jornada":"30","equipa_casa":"Portimonense SC","golos_fora":null},{"golos_casa":null,"equipa_vencedora":null,"estado":"Não jogado","data":"2021-05-02T15:00:00Z","equipa_fora":"Sport Lisboa e Benfica","jornada":"30","equipa_casa":"CD Tondela","golos_fora":null},{"golos_casa":null,"equipa_vencedora":null,"estado":"Não jogado","data":"2021-05-09T15:00:00Z","equipa_fora":"FC Paços de Ferreira","jornada":"31","equipa_casa":"Sporting Clube de Braga","golos_fora":null},{"golos_casa":null,"equipa_vencedora":null,"estado":"Não jogado","data":"2021-05-09T15:00:00Z","equipa_fora":"Gil Vicente FC","jornada":"31","equipa_casa":"CS Marítimo","golos_fora":null},{"golos_casa":null,"equipa_vencedora":null,"estado":"Não jogado","data":"2021-05-09T15:00:00Z","equipa_fora":"CD Nacional","jornada":"31","equipa_casa":"Moreirense FC","golos_fora":null},{"golos_casa":null,"equipa_vencedora":null,"estado":"Não jogado","data":"2021-05-09T15:00:00Z","equipa_fora":"Sporting Clube de Portugal","jornada":"31","equipa_casa":"Rio Ave FC","golos_fora":null},{"golos_casa":null,"equipa_vencedora":null,"estado":"Não jogado","data":"2021-05-09T15:00:00Z","equipa_fora":"FC Porto","jornada":"31","equipa_casa":"Sport Lisboa e Benfica","golos_fora":null},{"golos_casa":null,"equipa_vencedora":null,"estado":"Não jogado","data":"2021-05-09T15:00:00Z","equipa_fora":"Portimonense SC","jornada":"31","equipa_casa":"Os Belenenses Futebol","golos_fora":null},{"golos_casa":null,"equipa_vencedora":null,"estado":"Não jogado","data":"2021-05-09T15:00:00Z","equipa_fora":"CD Santa Clara","jornada":"31","equipa_casa":"FC Famalicão","golos_fora":null},{"golos_casa":null,"equipa_vencedora":null,"estado":"Não jogado","data":"2021-05-09T15:00:00Z","equipa_fora":"CD Tondela","jornada":"31","equipa_casa":"Boavista FC","golos_fora":null},{"golos_casa":null,"equipa_vencedora":null,"estado":"Não jogado","data":"2021-05-09T15:00:00Z","equipa_fora":"Vitória SC","jornada":"31","equipa_casa":"SC Farense","golos_fora":null},{"golos_casa":null,"equipa_vencedora":null,"estado":"Não jogado","data":"2021-05-12T15:00:00Z","equipa_fora":"SC Farense","jornada":"32","equipa_casa":"FC Porto","golos_fora":null},{"golos_casa":null,"equipa_vencedora":null,"estado":"Não jogado","data":"2021-05-12T15:00:00Z","equipa_fora":"Sport Lisboa e Benfica","jornada":"32","equipa_casa":"CD Nacional","golos_fora":null},{"golos_casa":null,"equipa_vencedora":null,"estado":"Não jogado","data":"2021-05-12T15:00:00Z","equipa_fora":"CS Marítimo","jornada":"32","equipa_casa":"FC Paços de Ferreira","golos_fora":null},{"golos_casa":null,"equipa_vencedora":null,"estado":"Não jogado","data":"2021-05-12T15:00:00Z","equipa_fora":"Sporting Clube de Braga","jornada":"32","equipa_casa":"Gil Vicente FC","golos_fora":null},{"golos_casa":null,"equipa_vencedora":null,"estado":"Não jogado","data":"2021-05-12T15:00:00Z","equipa_fora":"Boavista FC","jornada":"32","equipa_casa":"Sporting Clube de Portugal","golos_fora":null},{"golos_casa":null,"equipa_vencedora":null,"estado":"Não jogado","data":"2021-05-12T15:00:00Z","equipa_fora":"FC Famalicão","jornada":"32","equipa_casa":"Vitória SC","golos_fora":null},{"golos_casa":null,"equipa_vencedora":null,"estado":"Não jogado","data":"2021-05-12T15:00:00Z","equipa_fora":"Rio Ave FC","jornada":"32","equipa_casa":"CD Santa Clara","golos_fora":null},{"golos_casa":null,"equipa_vencedora":null,"estado":"Não jogado","data":"2021-05-12T15:00:00Z","equipa_fora":"Moreirense FC","jornada":"32","equipa_casa":"Portimonense SC","golos_fora":null},{"golos_casa":null,"equipa_vencedora":null,"estado":"Não jogado","data":"2021-05-12T15:00:00Z","equipa_fora":"Os Belenenses Futebol","jornada":"32","equipa_casa":"CD Tondela","golos_fora":null},{"golos_casa":null,"equipa_vencedora":null,"estado":"Não jogado","data":"2021-05-16T15:00:00Z","equipa_fora":"Moreirense FC","jornada":"33","equipa_casa":"Sporting Clube de Braga","golos_fora":null},{"golos_casa":null,"equipa_vencedora":null,"estado":"Não jogado","data":"2021-05-16T15:00:00Z","equipa_fora":"Vitória SC","jornada":"33","equipa_casa":"CS Marítimo","golos_fora":null},{"golos_casa":null,"equipa_vencedora":null,"estado":"Não jogado","data":"2021-05-16T15:00:00Z","equipa_fora":"Gil Vicente FC","jornada":"33","equipa_casa":"FC Paços de Ferreira","golos_fora":null},{"golos_casa":null,"equipa_vencedora":null,"estado":"Não jogado","data":"2021-05-16T15:00:00Z","equipa_fora":"FC Porto","jornada":"33","equipa_casa":"Rio Ave FC","golos_fora":null},{"golos_casa":null,"equipa_vencedora":null,"estado":"Não jogado","data":"2021-05-16T15:00:00Z","equipa_fora":"Sporting Clube de Portugal","jornada":"33","equipa_casa":"Sport Lisboa e Benfica","golos_fora":null},{"golos_casa":null,"equipa_vencedora":null,"estado":"Não jogado","data":"2021-05-16T15:00:00Z","equipa_fora":"CD Santa Clara","jornada":"33","equipa_casa":"Os Belenenses Futebol","golos_fora":null},{"golos_casa":null,"equipa_vencedora":null,"estado":"Não jogado","data":"2021-05-16T15:00:00Z","equipa_fora":"CD Nacional","jornada":"33","equipa_casa":"FC Famalicão","golos_fora":null},{"golos_casa":null,"equipa_vencedora":null,"estado":"Não jogado","data":"2021-05-16T15:00:00Z","equipa_fora":"Portimonense SC","jornada":"33","equipa_casa":"Boavista FC","golos_fora":null},{"golos_casa":null,"equipa_vencedora":null,"estado":"Não jogado","data":"2021-05-16T15:00:00Z","equipa_fora":"CD Tondela","jornada":"33","equipa_casa":"SC Farense","golos_fora":null},{"golos_casa":null,"equipa_vencedora":null,"estado":"Não jogado","data":"2021-05-19T15:00:00Z","equipa_fora":"Os Belenenses Futebol","jornada":"34","equipa_casa":"FC Porto","golos_fora":null},{"golos_casa":null,"equipa_vencedora":null,"estado":"Não jogado","data":"2021-05-19T15:00:00Z","equipa_fora":"Rio Ave FC","jornada":"34","equipa_casa":"CD Nacional","golos_fora":null},{"golos_casa":null,"equipa_vencedora":null,"estado":"Não jogado","data":"2021-05-19T15:00:00Z","equipa_fora":"Boavista FC","jornada":"34","equipa_casa":"Gil Vicente FC","golos_fora":null},{"golos_casa":null,"equipa_vencedora":null,"estado":"Não jogado","data":"2021-05-19T15:00:00Z","equipa_fora":"FC Famalicão","jornada":"34","equipa_casa":"Moreirense FC","golos_fora":null},{"golos_casa":null,"equipa_vencedora":null,"estado":"Não jogado","data":"2021-05-19T15:00:00Z","equipa_fora":"CS Marítimo","jornada":"34","equipa_casa":"Sporting Clube de Portugal","golos_fora":null},{"golos_casa":null,"equipa_vencedora":null,"estado":"Não jogado","data":"2021-05-19T15:00:00Z","equipa_fora":"Sport Lisboa e Benfica","jornada":"34","equipa_casa":"Vitória SC","golos_fora":null},{"golos_casa":null,"equipa_vencedora":null,"estado":"Não jogado","data":"2021-05-19T15:00:00Z","equipa_fora":"SC Farense","jornada":"34","equipa_casa":"CD Santa Clara","golos_fora":null},{"golos_casa":null,"equipa_vencedora":null,"estado":"Não jogado","data":"2021-05-19T15:00:00Z","equipa_fora":"Sporting Clube de Braga","jornada":"34","equipa_casa":"Portimonense SC","golos_fora":null},{"golos_casa":null,"equipa_vencedora":null,"estado":"Não jogado","data":"2021-05-19T15:00:00Z","equipa_fora":"FC Paços de Ferreira","jornada":"34","equipa_casa":"CD Tondela","golos_fora":null}]}