<?xml version='1.0' encoding='UTF-8'?>
<Jogos>
<Jogo><estado>Terminado</estado> <golos_casa>1</golos_casa> <equipa_vencedora>CD Tondela</equipa_vencedora> <data>2020-10-23T19:30:00Z</data> <equipa_fora>Portimonense SC</equipa_fora> <jornada>5</jornada> <equipa_casa>CD Tondela</equipa_casa> <golos_fora>0</golos_fora></Jogo>
<Jogo><estado>Terminado</estado> <golos_casa>1</golos_casa> <equipa_vencedora>EMPATE</equipa_vencedora> <data>2020-10-24T14:30:00Z</data> <equipa_fora>FC Paços de Ferreira</equipa_fora> <jornada>5</jornada> <equipa_casa>CD Nacional</equipa_casa> <golos_fora>1</golos_fora></Jogo>
<Jogo><estado>Terminado</estado> <golos_casa>1</golos_casa> <equipa_vencedora>Sporting Clube de Portugal</equipa_vencedora> <data>2020-10-24T17:00:00Z</data> <equipa_fora>Sporting Clube de Portugal</equipa_fora> <jornada>5</jornada> <equipa_casa>CD Santa Clara</equipa_casa> <golos_fora>2</golos_fora></Jogo>
<Jogo><estado>Terminado</estado> <golos_casa>1</golos_casa> <equipa_vencedora>FC Porto</equipa_vencedora> <data>2020-10-24T19:30:00Z</data> <equipa_fora>Gil Vicente FC</equipa_fora> <jornada>5</jornada> <equipa_casa>FC Porto</equipa_casa> <golos_fora>0</golos_fora></Jogo>
<Jogo><estado>Terminado</estado> <golos_casa>0</golos_casa> <equipa_vencedora>Rio Ave FC</equipa_vencedora> <data>2020-10-25T15:00:00Z</data> <equipa_fora>Rio Ave FC</equipa_fora> <jornada>5</jornada> <equipa_casa>SC Farense</equipa_casa> <golos_fora>1</golos_fora></Jogo>
<Jogo><estado>Terminado</estado> <golos_casa>2</golos_casa> <equipa_vencedora>Moreirense FC</equipa_vencedora> <data>2020-10-25T15:00:00Z</data> <equipa_fora>CS Marítimo</equipa_fora> <jornada>5</jornada> <equipa_casa>Moreirense FC</equipa_casa> <golos_fora>1</golos_fora></Jogo>
<Jogo><estado>Terminado</estado> <golos_casa>2</golos_casa> <equipa_vencedora>EMPATE</equipa_vencedora> <data>2020-10-25T17:30:00Z</data> <equipa_fora>Boavista FC</equipa_fora> <jornada>5</jornada> <equipa_casa>FC Famalicão</equipa_casa> <golos_fora>2</golos_fora></Jogo>
<Jogo><estado>Terminado</estado> <golos_casa>0</golos_casa> <equipa_vencedora>Sporting Clube de Braga</equipa_vencedora> <data>2020-10-25T20:00:00Z</data> <equipa_fora>Sporting Clube de Braga</equipa_fora> <jornada>5</jornada> <equipa_casa>Vitória SC</equipa_casa> <golos_fora>1</golos_fora></Jogo>
<Jogo><estado>Terminado</estado> <golos_casa>2</golos_casa> <equipa_vencedora>Sport Lisboa e Benfica</equipa_vencedora> <data>2020-10-26T20:15:00Z</data> <equipa_fora>Os Belenenses Futebol</equipa_fora> <jornada>5</jornada> <equipa_casa>Sport Lisboa e Benfica</equipa_casa> <golos_fora>0</golos_fora></Jogo>
</Jogos>
