{"Jogos":[{"estado":"Terminado","golos_casa":1,"equipa_vencedora":"CD Tondela","data":"2020-10-23T19:30:00Z","equipa_fora":"Portimonense SC","jornada":"5","equipa_casa":"CD Tondela","golos_fora":0},{"estado":"Terminado","golos_casa":1,"equipa_vencedora":"EMPATE","data":"2020-10-24T14:30:00Z","equipa_fora":"FC Paços de Ferreira","jornada":"5","equipa_casa":"CD Nacional","golos_fora":1},{"estado":"Terminado","golos_casa":1,"equipa_vencedora":"Sporting Clube de Portugal","data":"2020-10-24T17:00:00Z","equipa_fora":"Sporting Clube de Portugal","jornada":"5","equipa_casa":"CD Santa Clara","golos_fora":2},{"estado":"Terminado","golos_casa":1,"equipa_vencedora":"FC Porto","data":"2020-10-24T19:30:00Z","equipa_fora":"Gil Vicente FC","jornada":"5","equipa_casa":"FC Porto","golos_fora":0},{"estado":"Terminado","golos_casa":0,"equipa_vencedora":"Rio Ave FC","data":"2020-10-25T15:00:00Z","equipa_fora":"Rio Ave FC","jornada":"5","equipa_casa":"SC Farense","golos_fora":1},{"estado":"Terminado","golos_casa":2,"equipa_vencedora":"Moreirense FC","data":"2020-10-25T15:00:00Z","equipa_fora":"CS Marítimo","jornada":"5","equipa_casa":"Moreirense FC","golos_fora":1},{"estado":"Terminado","golos_casa":2,"equipa_vencedora":"EMPATE","data":"2020-10-25T17:30:00Z","equipa_fora":"Boavista FC","jornada":"5","equipa_casa":"FC Famalicão","golos_fora":2},{"estado":"Terminado","golos_casa":0,"equipa_vencedora":"Sporting Clube de Braga","data":"2020-10-25T20:00:00Z","equipa_fora":"Sporting Clube de Braga","jornada":"5","equipa_casa":"Vitória SC","golos_fora":1},{"estado":"Terminado","golos_casa":2,"equipa_vencedora":"Sport Lisboa e Benfica","data":"2020-10-26T20:15:00Z","equipa_fora":"Os Belenenses Futebol","jornada":"5","equipa_casa":"Sport Lisboa e Benfica","golos_fora":0}]}