{"Jogos":[{"golos_casa":1,"equipa_vencedora":"Sport Lisboa e Benfica","estado":"Terminado","data":"2020-09-18T18:00:00Z","equipa_fora":"Sport Lisboa e Benfica","jornada":1,"equipa_casa":"FC Famalicão","golos_fora":5},{"golos_casa":2,"equipa_vencedora":"Sport Lisboa e Benfica","estado":"Terminado","data":"2020-09-26T17:30:00Z","equipa_fora":"Moreirense FC","jornada":2,"equipa_casa":"Sport Lisboa e Benfica","golos_fora":0},{"golos_casa":3,"equipa_vencedora":"Sport Lisboa e Benfica","estado":"Terminado","data":"2020-10-04T17:30:00Z","equipa_fora":"SC Farense","jornada":3,"equipa_casa":"Sport Lisboa e Benfica","golos_fora":2},{"golos_casa":0,"equipa_vencedora":"Sport Lisboa e Benfica","estado":"Terminado","data":"2020-10-18T19:00:00Z","equipa_fora":"Sport Lisboa e Benfica","jornada":4,"equipa_casa":"Rio Ave FC","golos_fora":3},{"golos_casa":2,"equipa_vencedora":"Sport Lisboa e Benfica","estado":"Terminado","data":"2020-10-26T20:15:00Z","equipa_fora":"Os Belenenses Futebol","jornada":5,"equipa_casa":"Sport Lisboa e Benfica","golos_fora":0},{"golos_casa":3,"equipa_vencedora":"Boavista FC","estado":"Terminado","data":"2020-11-02T21:00:00Z","equipa_fora":"Sport Lisboa e Benfica","jornada":6,"equipa_casa":"Boavista FC","golos_fora":0},{"golos_casa":2,"equipa_vencedora":"Sporting Clube de Braga","estado":"Terminado","data":"2020-11-08T20:00:00Z","equipa_fora":"Sporting Clube de Braga","jornada":7,"equipa_casa":"Sport Lisboa e Benfica","golos_fora":3}]}