<?xml version='1.0' encoding='UTF-8'?>
<Jogos>
<Jogo><data>2020-09-18T18:00:00Z</data> <jornada>1</jornada> <equipa_casa>FC Famalicão</equipa_casa> <equipa_fora>Sport Lisboa e Benfica</equipa_fora> <golos_casa>1</golos_casa> <golos_fora>5</golos_fora> <equipa_vencedora>Sport Lisboa e Benfica</equipa_vencedora> <estado>Terminado</estado></Jogo>
<Jogo><data>2020-09-18T20:15:00Z</data> <jornada>1</jornada> <equipa_casa>Vitória SC</equipa_casa> <equipa_fora>Os Belenenses Futebol</equipa_fora> <golos_casa>0</golos_casa> <golos_fora>1</golos_fora> <equipa_vencedora>Os Belenenses Futebol</equipa_vencedora> <estado>Terminado</estado></Jogo>
<Jogo><data>2020-09-19T15:00:00Z</data> <jornada>1</jornada> <equipa_casa>CD Nacional</equipa_casa> <equipa_fora>Boavista FC</equipa_fora> <golos_casa>3</golos_casa> <golos_fora>3</golos_fora> <equipa_vencedora>EMPATE</equipa_vencedora> <estado>Terminado</estado></Jogo>
<Jogo><data>2020-09-19T20:00:00Z</data> <jornada>1</jornada> <equipa_casa>FC Porto</equipa_casa> <equipa_fora>Sporting Clube de Braga</equipa_fora> <golos_casa>3</golos_casa> <golos_fora>1</golos_fora> <equipa_vencedora>FC Porto</equipa_vencedora> <estado>Terminado</estado></Jogo>
<Jogo><data>2020-09-20T15:00:00Z</data> <jornada>1</jornada> <equipa_casa>CD Santa Clara</equipa_casa> <equipa_fora>CS Marítimo</equipa_fora> <golos_casa>2</golos_casa> <golos_fora>0</golos_fora> <equipa_vencedora>CD Santa Clara</equipa_vencedora> <estado>Terminado</estado></Jogo>
<Jogo><data>2020-09-20T17:30:00Z</data> <jornada>1</jornada> <equipa_casa>Moreirense FC</equipa_casa> <equipa_fora>SC Farense</equipa_fora> <golos_casa>2</golos_casa> <golos_fora>0</golos_fora> <equipa_vencedora>Moreirense FC</equipa_vencedora> <estado>Terminado</estado></Jogo>
<Jogo><data>2020-09-20T20:00:00Z</data> <jornada>1</jornada> <equipa_casa>CD Tondela</equipa_casa> <equipa_fora>Rio Ave FC</equipa_fora> <golos_casa>1</golos_casa> <golos_fora>1</golos_fora> <equipa_vencedora>EMPATE</equipa_vencedora> <estado>Terminado</estado></Jogo>
<Jogo><data>2020-09-21T18:45:00Z</data> <jornada>1</jornada> <equipa_casa>Portimonense SC</equipa_casa> <equipa_fora>FC Paços de Ferreira</equipa_fora> <golos_casa>1</golos_casa> <golos_fora>1</golos_fora> <equipa_vencedora>EMPATE</equipa_vencedora> <estado>Terminado</estado></Jogo>
<Jogo><data>2020-09-25T19:30:00Z</data> <jornada>2</jornada> <equipa_casa>Sporting Clube de Braga</equipa_casa> <equipa_fora>CD Santa Clara</equipa_fora> <golos_casa>0</golos_casa> <golos_fora>1</golos_fora> <equipa_vencedora>CD Santa Clara</equipa_vencedora> <estado>Terminado</estado></Jogo>
<Jogo><data>2020-09-26T14:30:00Z</data> <jornada>2</jornada> <equipa_casa>CS Marítimo</equipa_casa> <equipa_fora>CD Tondela</equipa_fora> <golos_casa>2</golos_casa> <golos_fora>1</golos_fora> <equipa_vencedora>CS Marítimo</equipa_vencedora> <estado>Terminado</estado></Jogo>
<Jogo><data>2020-09-26T17:30:00Z</data> <jornada>2</jornada> <equipa_casa>Sport Lisboa e Benfica</equipa_casa> <equipa_fora>Moreirense FC</equipa_fora> <golos_casa>2</golos_casa> <golos_fora>0</golos_fora> <equipa_vencedora>Sport Lisboa e Benfica</equipa_vencedora> <estado>Terminado</estado></Jogo>
<Jogo><data>2020-09-26T20:00:00Z</data> <jornada>2</jornada> <equipa_casa>Boavista FC</equipa_casa> <equipa_fora>FC Porto</equipa_fora> <golos_casa>0</golos_casa> <golos_fora>5</golos_fora> <equipa_vencedora>FC Porto</equipa_vencedora> <estado>Terminado</estado></Jogo>
<Jogo><data>2020-09-27T14:30:00Z</data> <jornada>2</jornada> <equipa_casa>SC Farense</equipa_casa> <equipa_fora>CD Nacional</equipa_fora> <golos_casa>0</golos_casa> <golos_fora>1</golos_fora> <equipa_vencedora>CD Nacional</equipa_vencedora> <estado>Terminado</estado></Jogo>
<Jogo><data>2020-09-27T15:00:00Z</data> <jornada>2</jornada> <equipa_casa>Gil Vicente FC</equipa_casa> <equipa_fora>Portimonense SC</equipa_fora> <golos_casa>1</golos_casa> <golos_fora>0</golos_fora> <equipa_vencedora>Gil Vicente FC</equipa_vencedora> <estado>Terminado</estado></Jogo>
<Jogo><data>2020-09-27T17:30:00Z</data> <jornada>2</jornada> <equipa_casa>FC Paços de Ferreira</equipa_casa> <equipa_fora>Sporting Clube de Portugal</equipa_fora> <golos_casa>0</golos_casa> <golos_fora>2</golos_fora> <equipa_vencedora>Sporting Clube de Portugal</equipa_vencedora> <estado>Terminado</estado></Jogo>
<Jogo><data>2020-09-27T20:00:00Z</data> <jornada>2</jornada> <equipa_casa>Rio Ave FC</equipa_casa> <equipa_fora>Vitória SC</equipa_fora> <golos_casa>0</golos_casa> <golos_fora>0</golos_fora> <equipa_vencedora>EMPATE</equipa_vencedora> <estado>Terminado</estado></Jogo>
<Jogo><data>2020-09-28T18:45:00Z</data> <jornada>2</jornada> <equipa_casa>Os Belenenses Futebol</equipa_casa> <equipa_fora>FC Famalicão</equipa_fora> <golos_casa>1</golos_casa> <golos_fora>2</golos_fora> <equipa_vencedora>FC Famalicão</equipa_vencedora> <estado>Terminado</estado></Jogo>
<Jogo><data>2020-10-02T18:00:00Z</data> <jornada>3</jornada> <equipa_casa>Moreirense FC</equipa_casa> <equipa_fora>Boavista FC</equipa_fora> <golos_casa>1</golos_casa> <golos_fora>1</golos_fora> <equipa_vencedora>EMPATE</equipa_vencedora> <estado>Terminado</estado></Jogo>
<Jogo><data>2020-10-02T20:15:00Z</data> <jornada>3</jornada> <equipa_casa>Vitória SC</equipa_casa> <equipa_fora>FC Paços de Ferreira</equipa_fora> <golos_casa>1</golos_casa> <golos_fora>0</golos_fora> <equipa_vencedora>Vitória SC</equipa_vencedora> <estado>Terminado</estado></Jogo>
<Jogo><data>2020-10-03T15:00:00Z</data> <jornada>3</jornada> <equipa_casa>CD Santa Clara</equipa_casa> <equipa_fora>Gil Vicente FC</equipa_fora> <golos_casa>0</golos_casa> <golos_fora>0</golos_fora> <equipa_vencedora>EMPATE</equipa_vencedora> <estado>Terminado</estado></Jogo>
<Jogo><data>2020-10-03T17:30:00Z</data> <jornada>3</jornada> <equipa_casa>FC Porto</equipa_casa> <equipa_fora>CS Marítimo</equipa_fora> <golos_casa>2</golos_casa> <golos_fora>3</golos_fora> <equipa_vencedora>CS Marítimo</equipa_vencedora> <estado>Terminado</estado></Jogo>
<Jogo><data>2020-10-03T20:00:00Z</data> <jornada>3</jornada> <equipa_casa>CD Tondela</equipa_casa> <equipa_fora>Sporting Clube de Braga</equipa_fora> <golos_casa>0</golos_casa> <golos_fora>4</golos_fora> <equipa_vencedora>Sporting Clube de Braga</equipa_vencedora> <estado>Terminado</estado></Jogo>
<Jogo><data>2020-10-04T14:30:00Z</data> <jornada>3</jornada> <equipa_casa>CD Nacional</equipa_casa> <equipa_fora>Os Belenenses Futebol</equipa_fora> <golos_casa>0</golos_casa> <golos_fora>0</golos_fora> <equipa_vencedora>EMPATE</equipa_vencedora> <estado>Terminado</estado></Jogo>
<Jogo><data>2020-10-04T17:30:00Z</data> <jornada>3</jornada> <equipa_casa>Sport Lisboa e Benfica</equipa_casa> <equipa_fora>SC Farense</equipa_fora> <golos_casa>3</golos_casa> <golos_fora>2</golos_fora> <equipa_vencedora>Sport Lisboa e Benfica</equipa_vencedora> <estado>Terminado</estado></Jogo>
<Jogo><data>2020-10-04T17:30:00Z</data> <jornada>3</jornada> <equipa_casa>FC Famalicão</equipa_casa> <equipa_fora>Rio Ave FC</equipa_fora> <golos_casa>1</golos_casa> <golos_fora>1</golos_fora> <equipa_vencedora>EMPATE</equipa_vencedora> <estado>Terminado</estado></Jogo>
<Jogo><data>2020-10-04T20:00:00Z</data> <jornada>3</jornada> <equipa_casa>Portimonense SC</equipa_casa> <equipa_fora>Sporting Clube de Portugal</equipa_fora> <golos_casa>0</golos_casa> <golos_fora>2</golos_fora> <equipa_vencedora>Sporting Clube de Portugal</equipa_vencedora> <estado>Terminado</estado></Jogo>
<Jogo><data>2020-10-17T14:30:00Z</data> <jornada>4</jornada> <equipa_casa>CS Marítimo</equipa_casa> <equipa_fora>Portimonense SC</equipa_fora> <golos_casa>1</golos_casa> <golos_fora>2</golos_fora> <equipa_vencedora>Portimonense SC</equipa_vencedora> <estado>Terminado</estado></Jogo>
<Jogo><data>2020-10-17T14:30:00Z</data> <jornada>4</jornada> <equipa_casa>Gil Vicente FC</equipa_casa> <equipa_fora>CD Tondela</equipa_fora> <golos_casa>1</golos_casa> <golos_fora>1</golos_fora> <equipa_vencedora>EMPATE</equipa_vencedora> <estado>Terminado</estado></Jogo>
<Jogo><data>2020-10-17T17:00:00Z</data> <jornada>4</jornada> <equipa_casa>Sporting Clube de Braga</equipa_casa> <equipa_fora>CD Nacional</equipa_fora> <golos_casa>2</golos_casa> <golos_fora>1</golos_fora> <equipa_vencedora>Sporting Clube de Braga</equipa_vencedora> <estado>Terminado</estado></Jogo>
<Jogo><data>2020-10-17T19:30:00Z</data> <jornada>4</jornada> <equipa_casa>Sporting Clube de Portugal</equipa_casa> <equipa_fora>FC Porto</equipa_fora> <golos_casa>2</golos_casa> <golos_fora>2</golos_fora> <equipa_vencedora>EMPATE</equipa_vencedora> <estado>Terminado</estado></Jogo>
<Jogo><data>2020-10-18T14:00:00Z</data> <jornada>4</jornada> <equipa_casa>FC Paços de Ferreira</equipa_casa> <equipa_fora>CD Santa Clara</equipa_fora> <golos_casa>2</golos_casa> <golos_fora>1</golos_fora> <equipa_vencedora>FC Paços de Ferreira</equipa_vencedora> <estado>Terminado</estado></Jogo>
<Jogo><data>2020-10-18T14:00:00Z</data> <jornada>4</jornada> <equipa_casa>Os Belenenses Futebol</equipa_casa> <equipa_fora>Moreirense FC</equipa_fora> <golos_casa>0</golos_casa> <golos_fora>0</golos_fora> <equipa_vencedora>EMPATE</equipa_vencedora> <estado>Terminado</estado></Jogo>
<Jogo><data>2020-10-18T16:30:00Z</data> <jornada>4</jornada> <equipa_casa>SC Farense</equipa_casa> <equipa_fora>FC Famalicão</equipa_fora> <golos_casa>3</golos_casa> <golos_fora>3</golos_fora> <equipa_vencedora>EMPATE</equipa_vencedora> <estado>Terminado</estado></Jogo>
<Jogo><data>2020-10-18T19:00:00Z</data> <jornada>4</jornada> <equipa_casa>Rio Ave FC</equipa_casa> <equipa_fora>Sport Lisboa e Benfica</equipa_fora> <golos_casa>0</golos_casa> <golos_fora>3</golos_fora> <equipa_vencedora>Sport Lisboa e Benfica</equipa_vencedora> <estado>Terminado</estado></Jogo>
<Jogo><data>2020-10-19T19:15:00Z</data> <jornada>4</jornada> <equipa_casa>Boavista FC</equipa_casa> <equipa_fora>Vitória SC</equipa_fora> <golos_casa>0</golos_casa> <golos_fora>1</golos_fora> <equipa_vencedora>Vitória SC</equipa_vencedora> <estado>Terminado</estado></Jogo>
<Jogo><data>2020-10-23T19:30:00Z</data> <jornada>5</jornada> <equipa_casa>CD Tondela</equipa_casa> <equipa_fora>Portimonense SC</equipa_fora> <golos_casa>1</golos_casa> <golos_fora>0</golos_fora> <equipa_vencedora>CD Tondela</equipa_vencedora> <estado>Terminado</estado></Jogo>
<Jogo><data>2020-10-24T14:30:00Z</data> <jornada>5</jornada> <equipa_casa>CD Nacional</equipa_casa> <equipa_fora>FC Paços de Ferreira</equipa_fora> <golos_casa>1</golos_casa> <golos_fora>1</golos_fora> <equipa_vencedora>EMPATE</equipa_vencedora> <estado>Terminado</estado></Jogo>
<Jogo><data>2020-10-24T17:00:00Z</data> <jornada>5</jornada> <equipa_casa>CD Santa Clara</equipa_casa> <equipa_fora>Sporting Clube de Portugal</equipa_fora> <golos_casa>1</golos_casa> <golos_fora>2</golos_fora> <equipa_vencedora>Sporting Clube de Portugal</equipa_vencedora> <estado>Terminado</estado></Jogo>
<Jogo><data>2020-10-24T19:30:00Z</data> <jornada>5</jornada> <equipa_casa>FC Porto</equipa_casa> <equipa_fora>Gil Vicente FC</equipa_fora> <golos_casa>1</golos_casa> <golos_fora>0</golos_fora> <equipa_vencedora>FC Porto</equipa_vencedora> <estado>Terminado</estado></Jogo>
<Jogo><data>2020-10-25T15:00:00Z</data> <jornada>5</jornada> <equipa_casa>Moreirense FC</equipa_casa> <equipa_fora>CS Marítimo</equipa_fora> <golos_casa>2</golos_casa> <golos_fora>1</golos_fora> <equipa_vencedora>Moreirense FC</equipa_vencedora> <estado>Terminado</estado></Jogo>
<Jogo><data>2020-10-25T15:00:00Z</data> <jornada>5</jornada> <equipa_casa>SC Farense</equipa_casa> <equipa_fora>Rio Ave FC</equipa_fora> <golos_casa>0</golos_casa> <golos_fora>1</golos_fora> <equipa_vencedora>Rio Ave FC</equipa_vencedora> <estado>Terminado</estado></Jogo>
<Jogo><data>2020-10-25T17:30:00Z</data> <jornada>5</jornada> <equipa_casa>FC Famalicão</equipa_casa> <equipa_fora>Boavista FC</equipa_fora> <golos_casa>2</golos_casa> <golos_fora>2</golos_fora> <equipa_vencedora>EMPATE</equipa_vencedora> <estado>Terminado</estado></Jogo>
<Jogo><data>2020-10-25T20:00:00Z</data> <jornada>5</jornada> <equipa_casa>Vitória SC</equipa_casa> <equipa_fora>Sporting Clube de Braga</equipa_fora> <golos_casa>0</golos_casa> <golos_fora>1</golos_fora> <equipa_vencedora>Sporting Clube de Braga</equipa_vencedora> <estado>Terminado</estado></Jogo>
<Jogo><data>2020-10-26T20:15:00Z</data> <jornada>5</jornada> <equipa_casa>Sport Lisboa e Benfica</equipa_casa> <equipa_fora>Os Belenenses Futebol</equipa_fora> <golos_casa>2</golos_casa> <golos_fora>0</golos_fora> <equipa_vencedora>Sport Lisboa e Benfica</equipa_vencedora> <estado>Terminado</estado></Jogo>
<Jogo><data>2020-10-28T21:45:00Z</data> <jornada>1</jornada> <equipa_casa>Sporting Clube de Portugal</equipa_casa> <equipa_fora>Gil Vicente FC</equipa_fora> <golos_casa>3</golos_casa> <golos_fora>1</golos_fora> <equipa_vencedora>Sporting Clube de Portugal</equipa_vencedora> <estado>Terminado</estado></Jogo>
<Jogo><data>2020-10-30T20:30:00Z</data> <jornada>6</jornada> <equipa_casa>FC Paços de Ferreira</equipa_casa> <equipa_fora>FC Porto</equipa_fora> <golos_casa>3</golos_casa> <golos_fora>2</golos_fora> <equipa_vencedora>FC Paços de Ferreira</equipa_vencedora> <estado>Terminado</estado></Jogo>
<Jogo><data>2020-10-31T15:30:00Z</data> <jornada>6</jornada> <equipa_casa>Os Belenenses Futebol</equipa_casa> <equipa_fora>SC Farense</equipa_fora> <golos_casa>1</golos_casa> <golos_fora>1</golos_fora> <equipa_vencedora>EMPATE</equipa_vencedora> <estado>Terminado</estado></Jogo>
<Jogo><data>2020-10-31T18:00:00Z</data> <jornada>6</jornada> <equipa_casa>Rio Ave FC</equipa_casa> <equipa_fora>Moreirense FC</equipa_fora> <golos_casa>2</golos_casa> <golos_fora>0</golos_fora> <equipa_vencedora>Rio Ave FC</equipa_vencedora> <estado>Terminado</estado></Jogo>
<Jogo><data>2020-10-31T20:30:00Z</data> <jornada>6</jornada> <equipa_casa>CS Marítimo</equipa_casa> <equipa_fora>CD Nacional</equipa_fora> <golos_casa>0</golos_casa> <golos_fora>0</golos_fora> <equipa_vencedora>EMPATE</equipa_vencedora> <estado>Terminado</estado></Jogo>
<Jogo><data>2020-11-01T15:00:00Z</data> <jornada>6</jornada> <equipa_casa>Portimonense SC</equipa_casa> <equipa_fora>CD Santa Clara</equipa_fora> <golos_casa>1</golos_casa> <golos_fora>2</golos_fora> <equipa_vencedora>CD Santa Clara</equipa_vencedora> <estado>Terminado</estado></Jogo>
<Jogo><data>2020-11-01T17:30:00Z</data> <jornada>6</jornada> <equipa_casa>Gil Vicente FC</equipa_casa> <equipa_fora>Vitória SC</equipa_fora> <golos_casa>1</golos_casa> <golos_fora>2</golos_fora> <equipa_vencedora>Vitória SC</equipa_vencedora> <estado>Terminado</estado></Jogo>
<Jogo><data>2020-11-01T20:00:00Z</data> <jornada>6</jornada> <equipa_casa>Sporting Clube de Portugal</equipa_casa> <equipa_fora>CD Tondela</equipa_fora> <golos_casa>4</golos_casa> <golos_fora>0</golos_fora> <equipa_vencedora>Sporting Clube de Portugal</equipa_vencedora> <estado>Terminado</estado></Jogo>
<Jogo><data>2020-11-02T18:45:00Z</data> <jornada>6</jornada> <equipa_casa>Sporting Clube de Braga</equipa_casa> <equipa_fora>FC Famalicão</equipa_fora> <golos_casa>1</golos_casa> <golos_fora>0</golos_fora> <equipa_vencedora>Sporting Clube de Braga</equipa_vencedora> <estado>Terminado</estado></Jogo>
<Jogo><data>2020-11-02T21:00:00Z</data> <jornada>6</jornada> <equipa_casa>Boavista FC</equipa_casa> <equipa_fora>Sport Lisboa e Benfica</equipa_fora> <golos_casa>3</golos_casa> <golos_fora>0</golos_fora> <equipa_vencedora>Boavista FC</equipa_vencedora> <estado>Terminado</estado></Jogo>
<Jogo><data>2020-11-06T20:30:00Z</data> <jornada>7</jornada> <equipa_casa>Os Belenenses Futebol</equipa_casa> <equipa_fora>Rio Ave FC</equipa_fora> <golos_casa>0</golos_casa> <golos_fora>0</golos_fora> <equipa_vencedora>EMPATE</equipa_vencedora> <estado>Terminado</estado></Jogo>
<Jogo><data>2020-11-07T15:00:00Z</data> <jornada>7</jornada> <equipa_casa>CD Tondela</equipa_casa> <equipa_fora>CD Santa Clara</equipa_fora> <golos_casa>2</golos_casa> <golos_fora>0</golos_fora> <equipa_vencedora>CD Tondela</equipa_vencedora> <estado>Terminado</estado></Jogo>
<Jogo><data>2020-11-07T18:00:00Z</data> <jornada>7</jornada> <equipa_casa>FC Famalicão</equipa_casa> <equipa_fora>CS Marítimo</equipa_fora> <golos_casa>2</golos_casa> <golos_fora>1</golos_fora> <equipa_vencedora>FC Famalicão</equipa_vencedora> <estado>Terminado</estado></Jogo>
<Jogo><data>2020-11-07T20:30:00Z</data> <jornada>7</jornada> <equipa_casa>Vitória SC</equipa_casa> <equipa_fora>Sporting Clube de Portugal</equipa_fora> <golos_casa>0</golos_casa> <golos_fora>4</golos_fora> <equipa_vencedora>Sporting Clube de Portugal</equipa_vencedora> <estado>Terminado</estado></Jogo>
<Jogo><data>2020-11-08T15:00:00Z</data> <jornada>7</jornada> <equipa_casa>CD Nacional</equipa_casa> <equipa_fora>Gil Vicente FC</equipa_fora> <golos_casa>2</golos_casa> <golos_fora>1</golos_fora> <equipa_vencedora>CD Nacional</equipa_vencedora> <estado>Terminado</estado></Jogo>
<Jogo><data>2020-11-08T15:00:00Z</data> <jornada>7</jornada> <equipa_casa>SC Farense</equipa_casa> <equipa_fora>Boavista FC</equipa_fora> <golos_casa>3</golos_casa> <golos_fora>1</golos_fora> <equipa_vencedora>SC Farense</equipa_vencedora> <estado>Terminado</estado></Jogo>
<Jogo><data>2020-11-08T17:30:00Z</data> <jornada>7</jornada> <equipa_casa>FC Porto</equipa_casa> <equipa_fora>Portimonense SC</equipa_fora> <golos_casa>3</golos_casa> <golos_fora>1</golos_fora> <equipa_vencedora>FC Porto</equipa_vencedora> <estado>Terminado</estado></Jogo>
<Jogo><data>2020-11-08T20:00:00Z</data> <jornada>7</jornada> <equipa_casa>Sport Lisboa e Benfica</equipa_casa> <equipa_fora>Sporting Clube de Braga</equipa_fora> <golos_casa>2</golos_casa> <golos_fora>3</golos_fora> <equipa_vencedora>Sporting Clube de Braga</equipa_vencedora> <estado>Terminado</estado></Jogo>
<Jogo><data>2020-11-27T19:00:00Z</data> <jornada>8</jornada> <equipa_casa>FC Paços de Ferreira</equipa_casa> <equipa_fora>FC Famalicão</equipa_fora> <golos_casa/> <golos_fora/> <equipa_vencedora/> <estado>Não jogado</estado></Jogo>
<Jogo><data>2020-11-27T21:00:00Z</data> <jornada>8</jornada> <equipa_casa>CD Tondela</equipa_casa> <equipa_fora>Vitória SC</equipa_fora> <golos_casa/> <golos_fora/> <equipa_vencedora/> <estado>Não jogado</estado></Jogo>
<Jogo><data>2020-11-28T18:00:00Z</data> <jornada>8</jornada> <equipa_casa>CD Santa Clara</equipa_casa> <equipa_fora>FC Porto</equipa_fora> <golos_casa/> <golos_fora/> <equipa_vencedora/> <estado>Não jogado</estado></Jogo>
<Jogo><data>2020-11-28T20:30:00Z</data> <jornada>8</jornada> <equipa_casa>Sporting Clube de Portugal</equipa_casa> <equipa_fora>Moreirense FC</equipa_fora> <golos_casa/> <golos_fora/> <equipa_vencedora/> <estado>Não jogado</estado></Jogo>
<Jogo><data>2020-11-29T15:00:00Z</data> <jornada>8</jornada> <equipa_casa>Gil Vicente FC</equipa_casa> <equipa_fora>Rio Ave FC</equipa_fora> <golos_casa/> <golos_fora/> <equipa_vencedora/> <estado>Não jogado</estado></Jogo>
<Jogo><data>2020-11-29T15:00:00Z</data> <jornada>8</jornada> <equipa_casa>Portimonense SC</equipa_casa> <equipa_fora>CD Nacional</equipa_fora> <golos_casa/> <golos_fora/> <equipa_vencedora/> <estado>Não jogado</estado></Jogo>
<Jogo><data>2020-11-29T17:30:00Z</data> <jornada>8</jornada> <equipa_casa>Boavista FC</equipa_casa> <equipa_fora>Os Belenenses Futebol</equipa_fora> <golos_casa/> <golos_fora/> <equipa_vencedora/> <estado>Não jogado</estado></Jogo>
<Jogo><data>2020-11-29T20:00:00Z</data> <jornada>8</jornada> <equipa_casa>Sporting Clube de Braga</equipa_casa> <equipa_fora>SC Farense</equipa_fora> <golos_casa/> <golos_fora/> <equipa_vencedora/> <estado>Não jogado</estado></Jogo>
<Jogo><data>2020-11-30T19:00:00Z</data> <jornada>8</jornada> <equipa_casa>CS Marítimo</equipa_casa> <equipa_fora>Sport Lisboa e Benfica</equipa_fora> <golos_casa/> <golos_fora/> <equipa_vencedora/> <estado>Não jogado</estado></Jogo>
<Jogo><data>2020-12-01T21:45:00Z</data> <jornada>7</jornada> <equipa_casa>Moreirense FC</equipa_casa> <equipa_fora>FC Paços de Ferreira</equipa_fora> <golos_casa/> <golos_fora/> <equipa_vencedora/> <estado>Não jogado</estado></Jogo>
<Jogo><data>2020-12-04T15:30:00Z</data> <jornada>9</jornada> <equipa_casa>Moreirense FC</equipa_casa> <equipa_fora>Gil Vicente FC</equipa_fora> <golos_casa/> <golos_fora/> <equipa_vencedora/> <estado>Não jogado</estado></Jogo>
<Jogo><data>2020-12-05T15:30:00Z</data> <jornada>9</jornada> <equipa_casa>Vitória SC</equipa_casa> <equipa_fora>Portimonense SC</equipa_fora> <golos_casa/> <golos_fora/> <equipa_vencedora/> <estado>Não jogado</estado></Jogo>
<Jogo><data>2020-12-05T18:00:00Z</data> <jornada>9</jornada> <equipa_casa>FC Famalicão</equipa_casa> <equipa_fora>Sporting Clube de Portugal</equipa_fora> <golos_casa/> <golos_fora/> <equipa_vencedora/> <estado>Não jogado</estado></Jogo>
<Jogo><data>2020-12-05T20:30:00Z</data> <jornada>9</jornada> <equipa_casa>FC Porto</equipa_casa> <equipa_fora>CD Tondela</equipa_fora> <golos_casa/> <golos_fora/> <equipa_vencedora/> <estado>Não jogado</estado></Jogo>
<Jogo><data>2020-12-06T15:00:00Z</data> <jornada>9</jornada> <equipa_casa>CD Nacional</equipa_casa> <equipa_fora>CD Santa Clara</equipa_fora> <golos_casa/> <golos_fora/> <equipa_vencedora/> <estado>Não jogado</estado></Jogo>
<Jogo><data>2020-12-06T17:30:00Z</data> <jornada>9</jornada> <equipa_casa>Rio Ave FC</equipa_casa> <equipa_fora>Boavista FC</equipa_fora> <golos_casa/> <golos_fora/> <equipa_vencedora/> <estado>Não jogado</estado></Jogo>
<Jogo><data>2020-12-06T20:00:00Z</data> <jornada>9</jornada> <equipa_casa>Sport Lisboa e Benfica</equipa_casa> <equipa_fora>FC Paços de Ferreira</equipa_fora> <golos_casa/> <golos_fora/> <equipa_vencedora/> <estado>Não jogado</estado></Jogo>
<Jogo><data>2020-12-06T20:00:00Z</data> <jornada>9</jornada> <equipa_casa>Os Belenenses Futebol</equipa_casa> <equipa_fora>Sporting Clube de Braga</equipa_fora> <golos_casa/> <golos_fora/> <equipa_vencedora/> <estado>Não jogado</estado></Jogo>
<Jogo><data>2020-12-07T20:15:00Z</data> <jornada>9</jornada> <equipa_casa>SC Farense</equipa_casa> <equipa_fora>CS Marítimo</equipa_fora> <golos_casa/> <golos_fora/> <equipa_vencedora/> <estado>Não jogado</estado></Jogo>
<Jogo><data>2020-12-20T16:00:00Z</data> <jornada>10</jornada> <equipa_casa>FC Porto</equipa_casa> <equipa_fora>CD Nacional</equipa_fora> <golos_casa/> <golos_fora/> <equipa_vencedora/> <estado>Não jogado</estado></Jogo>
<Jogo><data>2020-12-20T16:00:00Z</data> <jornada>10</jornada> <equipa_casa>Sporting Clube de Braga</equipa_casa> <equipa_fora>Rio Ave FC</equipa_fora> <golos_casa/> <golos_fora/> <equipa_vencedora/> <estado>Não jogado</estado></Jogo>
<Jogo><data>2020-12-20T16:00:00Z</data> <jornada>10</jornada> <equipa_casa>CS Marítimo</equipa_casa> <equipa_fora>Os Belenenses Futebol</equipa_fora> <golos_casa/> <golos_fora/> <equipa_vencedora/> <estado>Não jogado</estado></Jogo>
<Jogo><data>2020-12-20T16:00:00Z</data> <jornada>10</jornada> <equipa_casa>FC Paços de Ferreira</equipa_casa> <equipa_fora>Boavista FC</equipa_fora> <golos_casa/> <golos_fora/> <equipa_vencedora/> <estado>Não jogado</estado></Jogo>
<Jogo><data>2020-12-20T16:00:00Z</data> <jornada>10</jornada> <equipa_casa>Gil Vicente FC</equipa_casa> <equipa_fora>Sport Lisboa e Benfica</equipa_fora> <golos_casa/> <golos_fora/> <equipa_vencedora/> <estado>Não jogado</estado></Jogo>
<Jogo><data>2020-12-20T16:00:00Z</data> <jornada>10</jornada> <equipa_casa>Sporting Clube de Portugal</equipa_casa> <equipa_fora>SC Farense</equipa_fora> <golos_casa/> <golos_fora/> <equipa_vencedora/> <estado>Não jogado</estado></Jogo>
<Jogo><data>2020-12-20T16:00:00Z</data> <jornada>10</jornada> <equipa_casa>CD Santa Clara</equipa_casa> <equipa_fora>Vitória SC</equipa_fora> <golos_casa/> <golos_fora/> <equipa_vencedora/> <estado>Não jogado</estado></Jogo>
<Jogo><data>2020-12-20T16:00:00Z</data> <jornada>10</jornada> <equipa_casa>Portimonense SC</equipa_casa> <equipa_fora>FC Famalicão</equipa_fora> <golos_casa/> <golos_fora/> <equipa_vencedora/> <estado>Não jogado</estado></Jogo>
<Jogo><data>2020-12-20T16:00:00Z</data> <jornada>10</jornada> <equipa_casa>CD Tondela</equipa_casa> <equipa_fora>Moreirense FC</equipa_fora> <golos_casa/> <golos_fora/> <equipa_vencedora/> <estado>Não jogado</estado></Jogo>
<Jogo><data>2020-12-27T16:00:00Z</data> <jornada>11</jornada> <equipa_casa>CD Nacional</equipa_casa> <equipa_fora>CD Tondela</equipa_fora> <golos_casa/> <golos_fora/> <equipa_vencedora/> <estado>Não jogado</estado></Jogo>
<Jogo><data>2020-12-27T16:00:00Z</data> <jornada>11</jornada> <equipa_casa>Moreirense FC</equipa_casa> <equipa_fora>CD Santa Clara</equipa_fora> <golos_casa/> <golos_fora/> <equipa_vencedora/> <estado>Não jogado</estado></Jogo>
<Jogo><data>2020-12-27T16:00:00Z</data> <jornada>11</jornada> <equipa_casa>Rio Ave FC</equipa_casa> <equipa_fora>CS Marítimo</equipa_fora> <golos_casa/> <golos_fora/> <equipa_vencedora/> <estado>Não jogado</estado></Jogo>
<Jogo><data>2020-12-27T16:00:00Z</data> <jornada>11</jornada> <equipa_casa>Sport Lisboa e Benfica</equipa_casa> <equipa_fora>Portimonense SC</equipa_fora> <golos_casa/> <golos_fora/> <equipa_vencedora/> <estado>Não jogado</estado></Jogo>
<Jogo><data>2020-12-27T16:00:00Z</data> <jornada>11</jornada> <equipa_casa>Vitória SC</equipa_casa> <equipa_fora>FC Porto</equipa_fora> <golos_casa/> <golos_fora/> <equipa_vencedora/> <estado>Não jogado</estado></Jogo>
<Jogo><data>2020-12-27T16:00:00Z</data> <jornada>11</jornada> <equipa_casa>Os Belenenses Futebol</equipa_casa> <equipa_fora>Sporting Clube de Portugal</equipa_fora> <golos_casa/> <golos_fora/> <equipa_vencedora/> <estado>Não jogado</estado></Jogo>
<Jogo><data>2020-12-27T16:00:00Z</data> <jornada>11</jornada> <equipa_casa>FC Famalicão</equipa_casa> <equipa_fora>Gil Vicente FC</equipa_fora> <golos_casa/> <golos_fora/> <equipa_vencedora/> <estado>Não jogado</estado></Jogo>
<Jogo><data>2020-12-27T16:00:00Z</data> <jornada>11</jornada> <equipa_casa>Boavista FC</equipa_casa> <equipa_fora>Sporting Clube de Braga</equipa_fora> <golos_casa/> <golos_fora/> <equipa_vencedora/> <estado>Não jogado</estado></Jogo>
<Jogo><data>2020-12-27T16:00:00Z</data> <jornada>11</jornada> <equipa_casa>SC Farense</equipa_casa> <equipa_fora>FC Paços de Ferreira</equipa_fora> <golos_casa/> <golos_fora/> <equipa_vencedora/> <estado>Não jogado</estado></Jogo>
<Jogo><data>2021-01-03T16:00:00Z</data> <jornada>12</jornada> <equipa_casa>FC Porto</equipa_casa> <equipa_fora>Moreirense FC</equipa_fora> <golos_casa/> <golos_fora/> <equipa_vencedora/> <estado>Não jogado</estado></Jogo>
<Jogo><data>2021-01-03T16:00:00Z</data> <jornada>12</jornada> <equipa_casa>CS Marítimo</equipa_casa> <equipa_fora>Boavista FC</equipa_fora> <golos_casa/> <golos_fora/> <equipa_vencedora/> <estado>Não jogado</estado></Jogo>
<Jogo><data>2021-01-03T16:00:00Z</data> <jornada>12</jornada> <equipa_casa>FC Paços de Ferreira</equipa_casa> <equipa_fora>Rio Ave FC</equipa_fora> <golos_casa/> <golos_fora/> <equipa_vencedora/> <estado>Não jogado</estado></Jogo>
<Jogo><data>2021-01-03T16:00:00Z</data> <jornada>12</jornada> <equipa_casa>Gil Vicente FC</equipa_casa> <equipa_fora>Os Belenenses Futebol</equipa_fora> <golos_casa/> <golos_fora/> <equipa_vencedora/> <estado>Não jogado</estado></Jogo>
<Jogo><data>2021-01-03T16:00:00Z</data> <jornada>12</jornada> <equipa_casa>Sporting Clube de Portugal</equipa_casa> <equipa_fora>Sporting Clube de Braga</equipa_fora> <golos_casa/> <golos_fora/> <equipa_vencedora/> <estado>Não jogado</estado></Jogo>
<Jogo><data>2021-01-03T16:00:00Z</data> <jornada>12</jornada> <equipa_casa>Vitória SC</equipa_casa> <equipa_fora>CD Nacional</equipa_fora> <golos_casa/> <golos_fora/> <equipa_vencedora/> <estado>Não jogado</estado></Jogo>
<Jogo><data>2021-01-03T16:00:00Z</data> <jornada>12</jornada> <equipa_casa>CD Santa Clara</equipa_casa> <equipa_fora>Sport Lisboa e Benfica</equipa_fora> <golos_casa/> <golos_fora/> <equipa_vencedora/> <estado>Não jogado</estado></Jogo>
<Jogo><data>2021-01-03T16:00:00Z</data> <jornada>12</jornada> <equipa_casa>Portimonense SC</equipa_casa> <equipa_fora>SC Farense</equipa_fora> <golos_casa/> <golos_fora/> <equipa_vencedora/> <estado>Não jogado</estado></Jogo>
<Jogo><data>2021-01-03T16:00:00Z</data> <jornada>12</jornada> <equipa_casa>CD Tondela</equipa_casa> <equipa_fora>FC Famalicão</equipa_fora> <golos_casa/> <golos_fora/> <equipa_vencedora/> <estado>Não jogado</estado></Jogo>
<Jogo><data>2021-01-10T16:00:00Z</data> <jornada>13</jornada> <equipa_casa>CD Nacional</equipa_casa> <equipa_fora>Sporting Clube de Portugal</equipa_fora> <golos_casa/> <golos_fora/> <equipa_vencedora/> <estado>Não jogado</estado></Jogo>
<Jogo><data>2021-01-10T16:00:00Z</data> <jornada>13</jornada> <equipa_casa>Sporting Clube de Braga</equipa_casa> <equipa_fora>CS Marítimo</equipa_fora> <golos_casa/> <golos_fora/> <equipa_vencedora/> <estado>Não jogado</estado></Jogo>
<Jogo><data>2021-01-10T16:00:00Z</data> <jornada>13</jornada> <equipa_casa>Moreirense FC</equipa_casa> <equipa_fora>Vitória SC</equipa_fora> <golos_casa/> <golos_fora/> <equipa_vencedora/> <estado>Não jogado</estado></Jogo>
<Jogo><data>2021-01-10T16:00:00Z</data> <jornada>13</jornada> <equipa_casa>Rio Ave FC</equipa_casa> <equipa_fora>Portimonense SC</equipa_fora> <golos_casa/> <golos_fora/> <equipa_vencedora/> <estado>Não jogado</estado></Jogo>
<Jogo><data>2021-01-10T16:00:00Z</data> <jornada>13</jornada> <equipa_casa>Sport Lisboa e Benfica</equipa_casa> <equipa_fora>CD Tondela</equipa_fora> <golos_casa/> <golos_fora/> <equipa_vencedora/> <estado>Não jogado</estado></Jogo>
<Jogo><data>2021-01-10T16:00:00Z</data> <jornada>13</jornada> <equipa_casa>Os Belenenses Futebol</equipa_casa> <equipa_fora>FC Paços de Ferreira</equipa_fora> <golos_casa/> <golos_fora/> <equipa_vencedora/> <estado>Não jogado</estado></Jogo>
<Jogo><data>2021-01-10T16:00:00Z</data> <jornada>13</jornada> <equipa_casa>FC Famalicão</equipa_casa> <equipa_fora>FC Porto</equipa_fora> <golos_casa/> <golos_fora/> <equipa_vencedora/> <estado>Não jogado</estado></Jogo>
<Jogo><data>2021-01-10T16:00:00Z</data> <jornada>13</jornada> <equipa_casa>Boavista FC</equipa_casa> <equipa_fora>CD Santa Clara</equipa_fora> <golos_casa/> <golos_fora/> <equipa_vencedora/> <estado>Não jogado</estado></Jogo>
<Jogo><data>2021-01-10T16:00:00Z</data> <jornada>13</jornada> <equipa_casa>SC Farense</equipa_casa> <equipa_fora>Gil Vicente FC</equipa_fora> <golos_casa/> <golos_fora/> <equipa_vencedora/> <estado>Não jogado</estado></Jogo>
<Jogo><data>2021-01-17T16:00:00Z</data> <jornada>14</jornada> <equipa_casa>FC Porto</equipa_casa> <equipa_fora>Sport Lisboa e Benfica</equipa_fora> <golos_casa/> <golos_fora/> <equipa_vencedora/> <estado>Não jogado</estado></Jogo>
<Jogo><data>2021-01-17T16:00:00Z</data> <jornada>14</jornada> <equipa_casa>CD Nacional</equipa_casa> <equipa_fora>Moreirense FC</equipa_fora> <golos_casa/> <golos_fora/> <equipa_vencedora/> <estado>Não jogado</estado></Jogo>
<Jogo><data>2021-01-17T16:00:00Z</data> <jornada>14</jornada> <equipa_casa>FC Paços de Ferreira</equipa_casa> <equipa_fora>Sporting Clube de Braga</equipa_fora> <golos_casa/> <golos_fora/> <equipa_vencedora/> <estado>Não jogado</estado></Jogo>
<Jogo><data>2021-01-17T16:00:00Z</data> <jornada>14</jornada> <equipa_casa>Gil Vicente FC</equipa_casa> <equipa_fora>CS Marítimo</equipa_fora> <golos_casa/> <golos_fora/> <equipa_vencedora/> <estado>Não jogado</estado></Jogo>
<Jogo><data>2021-01-17T16:00:00Z</data> <jornada>14</jornada> <equipa_casa>Sporting Clube de Portugal</equipa_casa> <equipa_fora>Rio Ave FC</equipa_fora> <golos_casa/> <golos_fora/> <equipa_vencedora/> <estado>Não jogado</estado></Jogo>
<Jogo><data>2021-01-17T16:00:00Z</data> <jornada>14</jornada> <equipa_casa>Vitória SC</equipa_casa> <equipa_fora>SC Farense</equipa_fora> <golos_casa/> <golos_fora/> <equipa_vencedora/> <estado>Não jogado</estado></Jogo>
<Jogo><data>2021-01-17T16:00:00Z</data> <jornada>14</jornada> <equipa_casa>CD Santa Clara</equipa_casa> <equipa_fora>FC Famalicão</equipa_fora> <golos_casa/> <golos_fora/> <equipa_vencedora/> <estado>Não jogado</estado></Jogo>
<Jogo><data>2021-01-17T16:00:00Z</data> <jornada>14</jornada> <equipa_casa>Portimonense SC</equipa_casa> <equipa_fora>Os Belenenses Futebol</equipa_fora> <golos_casa/> <golos_fora/> <equipa_vencedora/> <estado>Não jogado</estado></Jogo>
<Jogo><data>2021-01-17T16:00:00Z</data> <jornada>14</jornada> <equipa_casa>CD Tondela</equipa_casa> <equipa_fora>Boavista FC</equipa_fora> <golos_casa/> <golos_fora/> <equipa_vencedora/> <estado>Não jogado</estado></Jogo>
<Jogo><data>2021-01-24T16:00:00Z</data> <jornada>15</jornada> <equipa_casa>Sporting Clube de Braga</equipa_casa> <equipa_fora>Gil Vicente FC</equipa_fora> <golos_casa/> <golos_fora/> <equipa_vencedora/> <estado>Não jogado</estado></Jogo>
<Jogo><data>2021-01-24T16:00:00Z</data> <jornada>15</jornada> <equipa_casa>CS Marítimo</equipa_casa> <equipa_fora>FC Paços de Ferreira</equipa_fora> <golos_casa/> <golos_fora/> <equipa_vencedora/> <estado>Não jogado</estado></Jogo>
<Jogo><data>2021-01-24T16:00:00Z</data> <jornada>15</jornada> <equipa_casa>Moreirense FC</equipa_casa> <equipa_fora>Portimonense SC</equipa_fora> <golos_casa/> <golos_fora/> <equipa_vencedora/> <estado>Não jogado</estado></Jogo>
<Jogo><data>2021-01-24T16:00:00Z</data> <jornada>15</jornada> <equipa_casa>Rio Ave FC</equipa_casa> <equipa_fora>CD Santa Clara</equipa_fora> <golos_casa/> <golos_fora/> <equipa_vencedora/> <estado>Não jogado</estado></Jogo>
<Jogo><data>2021-01-24T16:00:00Z</data> <jornada>15</jornada> <equipa_casa>Sport Lisboa e Benfica</equipa_casa> <equipa_fora>CD Nacional</equipa_fora> <golos_casa/> <golos_fora/> <equipa_vencedora/> <estado>Não jogado</estado></Jogo>
<Jogo><data>2021-01-24T16:00:00Z</data> <jornada>15</jornada> <equipa_casa>Os Belenenses Futebol</equipa_casa> <equipa_fora>CD Tondela</equipa_fora> <golos_casa/> <golos_fora/> <equipa_vencedora/> <estado>Não jogado</estado></Jogo>
<Jogo><data>2021-01-24T16:00:00Z</data> <jornada>15</jornada> <equipa_casa>FC Famalicão</equipa_casa> <equipa_fora>Vitória SC</equipa_fora> <golos_casa/> <golos_fora/> <equipa_vencedora/> <estado>Não jogado</estado></Jogo>
<Jogo><data>2021-01-24T16:00:00Z</data> <jornada>15</jornada> <equipa_casa>Boavista FC</equipa_casa> <equipa_fora>Sporting Clube de Portugal</equipa_fora> <golos_casa/> <golos_fora/> <equipa_vencedora/> <estado>Não jogado</estado></Jogo>
<Jogo><data>2021-01-24T16:00:00Z</data> <jornada>15</jornada> <equipa_casa>SC Farense</equipa_casa> <equipa_fora>FC Porto</equipa_fora> <golos_casa/> <golos_fora/> <equipa_vencedora/> <estado>Não jogado</estado></Jogo>
<Jogo><data>2021-01-31T16:00:00Z</data> <jornada>16</jornada> <equipa_casa>FC Porto</equipa_casa> <equipa_fora>Rio Ave FC</equipa_fora> <golos_casa/> <golos_fora/> <equipa_vencedora/> <estado>Não jogado</estado></Jogo>
<Jogo><data>2021-01-31T16:00:00Z</data> <jornada>16</jornada> <equipa_casa>CD Nacional</equipa_casa> <equipa_fora>FC Famalicão</equipa_fora> <golos_casa/> <golos_fora/> <equipa_vencedora/> <estado>Não jogado</estado></Jogo>
<Jogo><data>2021-01-31T16:00:00Z</data> <jornada>16</jornada> <equipa_casa>Gil Vicente FC</equipa_casa> <equipa_fora>FC Paços de Ferreira</equipa_fora> <golos_casa/> <golos_fora/> <equipa_vencedora/> <estado>Não jogado</estado></Jogo>
<Jogo><data>2021-01-31T16:00:00Z</data> <jornada>16</jornada> <equipa_casa>Moreirense FC</equipa_casa> <equipa_fora>Sporting Clube de Braga</equipa_fora> <golos_casa/> <golos_fora/> <equipa_vencedora/> <estado>Não jogado</estado></Jogo>
<Jogo><data>2021-01-31T16:00:00Z</data> <jornada>16</jornada> <equipa_casa>Sporting Clube de Portugal</equipa_casa> <equipa_fora>Sport Lisboa e Benfica</equipa_fora> <golos_casa/> <golos_fora/> <equipa_vencedora/> <estado>Não jogado</estado></Jogo>
<Jogo><data>2021-01-31T16:00:00Z</data> <jornada>16</jornada> <equipa_casa>Vitória SC</equipa_casa> <equipa_fora>CS Marítimo</equipa_fora> <golos_casa/> <golos_fora/> <equipa_vencedora/> <estado>Não jogado</estado></Jogo>
<Jogo><data>2021-01-31T16:00:00Z</data> <jornada>16</jornada> <equipa_casa>CD Santa Clara</equipa_casa> <equipa_fora>Os Belenenses Futebol</equipa_fora> <golos_casa/> <golos_fora/> <equipa_vencedora/> <estado>Não jogado</estado></Jogo>
<Jogo><data>2021-01-31T16:00:00Z</data> <jornada>16</jornada> <equipa_casa>Portimonense SC</equipa_casa> <equipa_fora>Boavista FC</equipa_fora> <golos_casa/> <golos_fora/> <equipa_vencedora/> <estado>Não jogado</estado></Jogo>
<Jogo><data>2021-01-31T16:00:00Z</data> <jornada>16</jornada> <equipa_casa>CD Tondela</equipa_casa> <equipa_fora>SC Farense</equipa_fora> <golos_casa/> <golos_fora/> <equipa_vencedora/> <estado>Não jogado</estado></Jogo>
<Jogo><data>2021-02-03T16:00:00Z</data> <jornada>17</jornada> <equipa_casa>Sporting Clube de Braga</equipa_casa> <equipa_fora>Portimonense SC</equipa_fora> <golos_casa/> <golos_fora/> <equipa_vencedora/> <estado>Não jogado</estado></Jogo>
<Jogo><data>2021-02-03T16:00:00Z</data> <jornada>17</jornada> <equipa_casa>CS Marítimo</equipa_casa> <equipa_fora>Sporting Clube de Portugal</equipa_fora> <golos_casa/> <golos_fora/> <equipa_vencedora/> <estado>Não jogado</estado></Jogo>
<Jogo><data>2021-02-03T16:00:00Z</data> <jornada>17</jornada> <equipa_casa>FC Paços de Ferreira</equipa_casa> <equipa_fora>CD Tondela</equipa_fora> <golos_casa/> <golos_fora/> <equipa_vencedora/> <estado>Não jogado</estado></Jogo>
<Jogo><data>2021-02-03T16:00:00Z</data> <jornada>17</jornada> <equipa_casa>Rio Ave FC</equipa_casa> <equipa_fora>CD Nacional</equipa_fora> <golos_casa/> <golos_fora/> <equipa_vencedora/> <estado>Não jogado</estado></Jogo>
<Jogo><data>2021-02-03T16:00:00Z</data> <jornada>17</jornada> <equipa_casa>Sport Lisboa e Benfica</equipa_casa> <equipa_fora>Vitória SC</equipa_fora> <golos_casa/> <golos_fora/> <equipa_vencedora/> <estado>Não jogado</estado></Jogo>
<Jogo><data>2021-02-03T16:00:00Z</data> <jornada>17</jornada> <equipa_casa>Os Belenenses Futebol</equipa_casa> <equipa_fora>FC Porto</equipa_fora> <golos_casa/> <golos_fora/> <equipa_vencedora/> <estado>Não jogado</estado></Jogo>
<Jogo><data>2021-02-03T16:00:00Z</data> <jornada>17</jornada> <equipa_casa>FC Famalicão</equipa_casa> <equipa_fora>Moreirense FC</equipa_fora> <golos_casa/> <golos_fora/> <equipa_vencedora/> <estado>Não jogado</estado></Jogo>
<Jogo><data>2021-02-03T16:00:00Z</data> <jornada>17</jornada> <equipa_casa>Boavista FC</equipa_casa> <equipa_fora>Gil Vicente FC</equipa_fora> <golos_casa/> <golos_fora/> <equipa_vencedora/> <estado>Não jogado</estado></Jogo>
<Jogo><data>2021-02-03T16:00:00Z</data> <jornada>17</jornada> <equipa_casa>SC Farense</equipa_casa> <equipa_fora>CD Santa Clara</equipa_fora> <golos_casa/> <golos_fora/> <equipa_vencedora/> <estado>Não jogado</estado></Jogo>
<Jogo><data>2021-02-07T16:00:00Z</data> <jornada>18</jornada> <equipa_casa>Sporting Clube de Braga</equipa_casa> <equipa_fora>FC Porto</equipa_fora> <golos_casa/> <golos_fora/> <equipa_vencedora/> <estado>Não jogado</estado></Jogo>
<Jogo><data>2021-02-07T16:00:00Z</data> <jornada>18</jornada> <equipa_casa>CS Marítimo</equipa_casa> <equipa_fora>CD Santa Clara</equipa_fora> <golos_casa/> <golos_fora/> <equipa_vencedora/> <estado>Não jogado</estado></Jogo>
<Jogo><data>2021-02-07T16:00:00Z</data> <jornada>18</jornada> <equipa_casa>FC Paços de Ferreira</equipa_casa> <equipa_fora>Portimonense SC</equipa_fora> <golos_casa/> <golos_fora/> <equipa_vencedora/> <estado>Não jogado</estado></Jogo>
<Jogo><data>2021-02-07T16:00:00Z</data> <jornada>18</jornada> <equipa_casa>Gil Vicente FC</equipa_casa> <equipa_fora>Sporting Clube de Portugal</equipa_fora> <golos_casa/> <golos_fora/> <equipa_vencedora/> <estado>Não jogado</estado></Jogo>
<Jogo><data>2021-02-07T16:00:00Z</data> <jornada>18</jornada> <equipa_casa>Rio Ave FC</equipa_casa> <equipa_fora>CD Tondela</equipa_fora> <golos_casa/> <golos_fora/> <equipa_vencedora/> <estado>Não jogado</estado></Jogo>
<Jogo><data>2021-02-07T16:00:00Z</data> <jornada>18</jornada> <equipa_casa>Sport Lisboa e Benfica</equipa_casa> <equipa_fora>FC Famalicão</equipa_fora> <golos_casa/> <golos_fora/> <equipa_vencedora/> <estado>Não jogado</estado></Jogo>
<Jogo><data>2021-02-07T16:00:00Z</data> <jornada>18</jornada> <equipa_casa>Os Belenenses Futebol</equipa_casa> <equipa_fora>Vitória SC</equipa_fora> <golos_casa/> <golos_fora/> <equipa_vencedora/> <estado>Não jogado</estado></Jogo>
<Jogo><data>2021-02-07T16:00:00Z</data> <jornada>18</jornada> <equipa_casa>Boavista FC</equipa_casa> <equipa_fora>CD Nacional</equipa_fora> <golos_casa/> <golos_fora/> <equipa_vencedora/> <estado>Não jogado</estado></Jogo>
<Jogo><data>2021-02-07T16:00:00Z</data> <jornada>18</jornada> <equipa_casa>SC Farense</equipa_casa> <equipa_fora>Moreirense FC</equipa_fora> <golos_casa/> <golos_fora/> <equipa_vencedora/> <estado>Não jogado</estado></Jogo>
<Jogo><data>2021-02-14T16:00:00Z</data> <jornada>19</jornada> <equipa_casa>FC Porto</equipa_casa> <equipa_fora>Boavista FC</equipa_fora> <golos_casa/> <golos_fora/> <equipa_vencedora/> <estado>Não jogado</estado></Jogo>
<Jogo><data>2021-02-14T16:00:00Z</data> <jornada>19</jornada> <equipa_casa>CD Nacional</equipa_casa> <equipa_fora>SC Farense</equipa_fora> <golos_casa/> <golos_fora/> <equipa_vencedora/> <estado>Não jogado</estado></Jogo>
<Jogo><data>2021-02-14T16:00:00Z</data> <jornada>19</jornada> <equipa_casa>Moreirense FC</equipa_casa> <equipa_fora>Sport Lisboa e Benfica</equipa_fora> <golos_casa/> <golos_fora/> <equipa_vencedora/> <estado>Não jogado</estado></Jogo>
<Jogo><data>2021-02-14T16:00:00Z</data> <jornada>19</jornada> <equipa_casa>Sporting Clube de Portugal</equipa_casa> <equipa_fora>FC Paços de Ferreira</equipa_fora> <golos_casa/> <golos_fora/> <equipa_vencedora/> <estado>Não jogado</estado></Jogo>
<Jogo><data>2021-02-14T16:00:00Z</data> <jornada>19</jornada> <equipa_casa>Vitória SC</equipa_casa> <equipa_fora>Rio Ave FC</equipa_fora> <golos_casa/> <golos_fora/> <equipa_vencedora/> <estado>Não jogado</estado></Jogo>
<Jogo><data>2021-02-14T16:00:00Z</data> <jornada>19</jornada> <equipa_casa>CD Santa Clara</equipa_casa> <equipa_fora>Sporting Clube de Braga</equipa_fora> <golos_casa/> <golos_fora/> <equipa_vencedora/> <estado>Não jogado</estado></Jogo>
<Jogo><data>2021-02-14T16:00:00Z</data> <jornada>19</jornada> <equipa_casa>Portimonense SC</equipa_casa> <equipa_fora>Gil Vicente FC</equipa_fora> <golos_casa/> <golos_fora/> <equipa_vencedora/> <estado>Não jogado</estado></Jogo>
<Jogo><data>2021-02-14T16:00:00Z</data> <jornada>19</jornada> <equipa_casa>FC Famalicão</equipa_casa> <equipa_fora>Os Belenenses Futebol</equipa_fora> <golos_casa/> <golos_fora/> <equipa_vencedora/> <estado>Não jogado</estado></Jogo>
<Jogo><data>2021-02-14T16:00:00Z</data> <jornada>19</jornada> <equipa_casa>CD Tondela</equipa_casa> <equipa_fora>CS Marítimo</equipa_fora> <golos_casa/> <golos_fora/> <equipa_vencedora/> <estado>Não jogado</estado></Jogo>
<Jogo><data>2021-02-21T16:00:00Z</data> <jornada>20</jornada> <equipa_casa>Sporting Clube de Braga</equipa_casa> <equipa_fora>CD Tondela</equipa_fora> <golos_casa/> <golos_fora/> <equipa_vencedora/> <estado>Não jogado</estado></Jogo>
<Jogo><data>2021-02-21T16:00:00Z</data> <jornada>20</jornada> <equipa_casa>CS Marítimo</equipa_casa> <equipa_fora>FC Porto</equipa_fora> <golos_casa/> <golos_fora/> <equipa_vencedora/> <estado>Não jogado</estado></Jogo>
<Jogo><data>2021-02-21T16:00:00Z</data> <jornada>20</jornada> <equipa_casa>FC Paços de Ferreira</equipa_casa> <equipa_fora>Vitória SC</equipa_fora> <golos_casa/> <golos_fora/> <equipa_vencedora/> <estado>Não jogado</estado></Jogo>
<Jogo><data>2021-02-21T16:00:00Z</data> <jornada>20</jornada> <equipa_casa>Gil Vicente FC</equipa_casa> <equipa_fora>CD Santa Clara</equipa_fora> <golos_casa/> <golos_fora/> <equipa_vencedora/> <estado>Não jogado</estado></Jogo>
<Jogo><data>2021-02-21T16:00:00Z</data> <jornada>20</jornada> <equipa_casa>Rio Ave FC</equipa_casa> <equipa_fora>FC Famalicão</equipa_fora> <golos_casa/> <golos_fora/> <equipa_vencedora/> <estado>Não jogado</estado></Jogo>
<Jogo><data>2021-02-21T16:00:00Z</data> <jornada>20</jornada> <equipa_casa>Sporting Clube de Portugal</equipa_casa> <equipa_fora>Portimonense SC</equipa_fora> <golos_casa/> <golos_fora/> <equipa_vencedora/> <estado>Não jogado</estado></Jogo>
<Jogo><data>2021-02-21T16:00:00Z</data> <jornada>20</jornada> <equipa_casa>Os Belenenses Futebol</equipa_casa> <equipa_fora>CD Nacional</equipa_fora> <golos_casa/> <golos_fora/> <equipa_vencedora/> <estado>Não jogado</estado></Jogo>
<Jogo><data>2021-02-21T16:00:00Z</data> <jornada>20</jornada> <equipa_casa>Boavista FC</equipa_casa> <equipa_fora>Moreirense FC</equipa_fora> <golos_casa/> <golos_fora/> <equipa_vencedora/> <estado>Não jogado</estado></Jogo>
<Jogo><data>2021-02-21T16:00:00Z</data> <jornada>20</jornada> <equipa_casa>SC Farense</equipa_casa> <equipa_fora>Sport Lisboa e Benfica</equipa_fora> <golos_casa/> <golos_fora/> <equipa_vencedora/> <estado>Não jogado</estado></Jogo>
<Jogo><data>2021-02-28T16:00:00Z</data> <jornada>21</jornada> <equipa_casa>FC Porto</equipa_casa> <equipa_fora>Sporting Clube de Portugal</equipa_fora> <golos_casa/> <golos_fora/> <equipa_vencedora/> <estado>Não jogado</estado></Jogo>
<Jogo><data>2021-02-28T16:00:00Z</data> <jornada>21</jornada> <equipa_casa>CD Nacional</equipa_casa> <equipa_fora>Sporting Clube de Braga</equipa_fora> <golos_casa/> <golos_fora/> <equipa_vencedora/> <estado>Não jogado</estado></Jogo>
<Jogo><data>2021-02-28T16:00:00Z</data> <jornada>21</jornada> <equipa_casa>Moreirense FC</equipa_casa> <equipa_fora>Os Belenenses Futebol</equipa_fora> <golos_casa/> <golos_fora/> <equipa_vencedora/> <estado>Não jogado</estado></Jogo>
<Jogo><data>2021-02-28T16:00:00Z</data> <jornada>21</jornada> <equipa_casa>Sport Lisboa e Benfica</equipa_casa> <equipa_fora>Rio Ave FC</equipa_fora> <golos_casa/> <golos_fora/> <equipa_vencedora/> <estado>Não jogado</estado></Jogo>
<Jogo><data>2021-02-28T16:00:00Z</data> <jornada>21</jornada> <equipa_casa>Vitória SC</equipa_casa> <equipa_fora>Boavista FC</equipa_fora> <golos_casa/> <golos_fora/> <equipa_vencedora/> <estado>Não jogado</estado></Jogo>
<Jogo><data>2021-02-28T16:00:00Z</data> <jornada>21</jornada> <equipa_casa>CD Santa Clara</equipa_casa> <equipa_fora>FC Paços de Ferreira</equipa_fora> <golos_casa/> <golos_fora/> <equipa_vencedora/> <estado>Não jogado</estado></Jogo>
<Jogo><data>2021-02-28T16:00:00Z</data> <jornada>21</jornada> <equipa_casa>Portimonense SC</equipa_casa> <equipa_fora>CS Marítimo</equipa_fora> <golos_casa/> <golos_fora/> <equipa_vencedora/> <estado>Não jogado</estado></Jogo>
<Jogo><data>2021-02-28T16:00:00Z</data> <jornada>21</jornada> <equipa_casa>FC Famalicão</equipa_casa> <equipa_fora>SC Farense</equipa_fora> <golos_casa/> <golos_fora/> <equipa_vencedora/> <estado>Não jogado</estado></Jogo>
<Jogo><data>2021-02-28T16:00:00Z</data> <jornada>21</jornada> <equipa_casa>CD Tondela</equipa_casa> <equipa_fora>Gil Vicente FC</equipa_fora> <golos_casa/> <golos_fora/> <equipa_vencedora/> <estado>Não jogado</estado></Jogo>
<Jogo><data>2021-03-07T16:00:00Z</data> <jornada>22</jornada> <equipa_casa>Gil Vicente FC</equipa_casa> <equipa_fora>FC Porto</equipa_fora> <golos_casa/> <golos_fora/> <equipa_vencedora/> <estado>Não jogado</estado></Jogo>
<Jogo><data>2021-03-07T16:00:00Z</data> <jornada>22</jornada> <equipa_casa>Rio Ave FC</equipa_casa> <equipa_fora>SC Farense</equipa_fora> <golos_casa/> <golos_fora/> <equipa_vencedora/> <estado>Não jogado</estado></Jogo>
<Jogo><data>2021-03-07T16:00:00Z</data> <jornada>22</jornada> <equipa_casa>Sporting Clube de Portugal</equipa_casa> <equipa_fora>CD Santa Clara</equipa_fora> <golos_casa/> <golos_fora/> <equipa_vencedora/> <estado>Não jogado</estado></Jogo>
<Jogo><data>2021-03-07T16:00:00Z</data> <jornada>22</jornada> <equipa_casa>Os Belenenses Futebol</equipa_casa> <equipa_fora>Sport Lisboa e Benfica</equipa_fora> <golos_casa/> <golos_fora/> <equipa_vencedora/> <estado>Não jogado</estado></Jogo>
<Jogo><data>2021-03-07T16:00:00Z</data> <jornada>22</jornada> <equipa_casa>Portimonense SC</equipa_casa> <equipa_fora>CD Tondela</equipa_fora> <golos_casa/> <golos_fora/> <equipa_vencedora/> <estado>Não jogado</estado></Jogo>
<Jogo><data>2021-03-07T16:00:00Z</data> <jornada>22</jornada> <equipa_casa>Boavista FC</equipa_casa> <equipa_fora>FC Famalicão</equipa_fora> <golos_casa/> <golos_fora/> <equipa_vencedora/> <estado>Não jogado</estado></Jogo>
<Jogo><data>2021-03-07T16:00:00Z</data> <jornada>22</jornada> <equipa_casa>Sporting Clube de Braga</equipa_casa> <equipa_fora>Vitória SC</equipa_fora> <golos_casa/> <golos_fora/> <equipa_vencedora/> <estado>Não jogado</estado></Jogo>
<Jogo><data>2021-03-07T16:00:00Z</data> <jornada>22</jornada> <equipa_casa>CS Marítimo</equipa_casa> <equipa_fora>Moreirense FC</equipa_fora> <golos_casa/> <golos_fora/> <equipa_vencedora/> <estado>Não jogado</estado></Jogo>
<Jogo><data>2021-03-07T16:00:00Z</data> <jornada>22</jornada> <equipa_casa>FC Paços de Ferreira</equipa_casa> <equipa_fora>CD Nacional</equipa_fora> <golos_casa/> <golos_fora/> <equipa_vencedora/> <estado>Não jogado</estado></Jogo>
<Jogo><data>2021-03-14T16:00:00Z</data> <jornada>23</jornada> <equipa_casa>FC Porto</equipa_casa> <equipa_fora>FC Paços de Ferreira</equipa_fora> <golos_casa/> <golos_fora/> <equipa_vencedora/> <estado>Não jogado</estado></Jogo>
<Jogo><data>2021-03-14T16:00:00Z</data> <jornada>23</jornada> <equipa_casa>CD Nacional</equipa_casa> <equipa_fora>CS Marítimo</equipa_fora> <golos_casa/> <golos_fora/> <equipa_vencedora/> <estado>Não jogado</estado></Jogo>
<Jogo><data>2021-03-14T16:00:00Z</data> <jornada>23</jornada> <equipa_casa>Moreirense FC</equipa_casa> <equipa_fora>Rio Ave FC</equipa_fora> <golos_casa/> <golos_fora/> <equipa_vencedora/> <estado>Não jogado</estado></Jogo>
<Jogo><data>2021-03-14T16:00:00Z</data> <jornada>23</jornada> <equipa_casa>Sport Lisboa e Benfica</equipa_casa> <equipa_fora>Boavista FC</equipa_fora> <golos_casa/> <golos_fora/> <equipa_vencedora/> <estado>Não jogado</estado></Jogo>
<Jogo><data>2021-03-14T16:00:00Z</data> <jornada>23</jornada> <equipa_casa>Vitória SC</equipa_casa> <equipa_fora>Gil Vicente FC</equipa_fora> <golos_casa/> <golos_fora/> <equipa_vencedora/> <estado>Não jogado</estado></Jogo>
<Jogo><data>2021-03-14T16:00:00Z</data> <jornada>23</jornada> <equipa_casa>CD Santa Clara</equipa_casa> <equipa_fora>Portimonense SC</equipa_fora> <golos_casa/> <golos_fora/> <equipa_vencedora/> <estado>Não jogado</estado></Jogo>
<Jogo><data>2021-03-14T16:00:00Z</data> <jornada>23</jornada> <equipa_casa>FC Famalicão</equipa_casa> <equipa_fora>Sporting Clube de Braga</equipa_fora> <golos_casa/> <golos_fora/> <equipa_vencedora/> <estado>Não jogado</estado></Jogo>
<Jogo><data>2021-03-14T16:00:00Z</data> <jornada>23</jornada> <equipa_casa>SC Farense</equipa_casa> <equipa_fora>Os Belenenses Futebol</equipa_fora> <golos_casa/> <golos_fora/> <equipa_vencedora/> <estado>Não jogado</estado></Jogo>
<Jogo><data>2021-03-14T16:00:00Z</data> <jornada>23</jornada> <equipa_casa>CD Tondela</equipa_casa> <equipa_fora>Sporting Clube de Portugal</equipa_fora> <golos_casa/> <golos_fora/> <equipa_vencedora/> <estado>Não jogado</estado></Jogo>
<Jogo><data>2021-03-21T16:00:00Z</data> <jornada>24</jornada> <equipa_casa>Sporting Clube de Braga</equipa_casa> <equipa_fora>Sport Lisboa e Benfica</equipa_fora> <golos_casa/> <golos_fora/> <equipa_vencedora/> <estado>Não jogado</estado></Jogo>
<Jogo><data>2021-03-21T16:00:00Z</data> <jornada>24</jornada> <equipa_casa>CS Marítimo</equipa_casa> <equipa_fora>FC Famalicão</equipa_fora> <golos_casa/> <golos_fora/> <equipa_vencedora/> <estado>Não jogado</estado></Jogo>
<Jogo><data>2021-03-21T16:00:00Z</data> <jornada>24</jornada> <equipa_casa>FC Paços de Ferreira</equipa_casa> <equipa_fora>Moreirense FC</equipa_fora> <golos_casa/> <golos_fora/> <equipa_vencedora/> <estado>Não jogado</estado></Jogo>
<Jogo><data>2021-03-21T16:00:00Z</data> <jornada>24</jornada> <equipa_casa>Gil Vicente FC</equipa_casa> <equipa_fora>CD Nacional</equipa_fora> <golos_casa/> <golos_fora/> <equipa_vencedora/> <estado>Não jogado</estado></Jogo>
<Jogo><data>2021-03-21T16:00:00Z</data> <jornada>24</jornada> <equipa_casa>Rio Ave FC</equipa_casa> <equipa_fora>Os Belenenses Futebol</equipa_fora> <golos_casa/> <golos_fora/> <equipa_vencedora/> <estado>Não jogado</estado></Jogo>
<Jogo><data>2021-03-21T16:00:00Z</data> <jornada>24</jornada> <equipa_casa>Sporting Clube de Portugal</equipa_casa> <equipa_fora>Vitória SC</equipa_fora> <golos_casa/> <golos_fora/> <equipa_vencedora/> <estado>Não jogado</estado></Jogo>
<Jogo><data>2021-03-21T16:00:00Z</data> <jornada>24</jornada> <equipa_casa>CD Santa Clara</equipa_casa> <equipa_fora>CD Tondela</equipa_fora> <golos_casa/> <golos_fora/> <equipa_vencedora/> <estado>Não jogado</estado></Jogo>
<Jogo><data>2021-03-21T16:00:00Z</data> <jornada>24</jornada> <equipa_casa>Portimonense SC</equipa_casa> <equipa_fora>FC Porto</equipa_fora> <golos_casa/> <golos_fora/> <equipa_vencedora/> <estado>Não jogado</estado></Jogo>
<Jogo><data>2021-03-21T16:00:00Z</data> <jornada>24</jornada> <equipa_casa>Boavista FC</equipa_casa> <equipa_fora>SC Farense</equipa_fora> <golos_casa/> <golos_fora/> <equipa_vencedora/> <estado>Não jogado</estado></Jogo>
<Jogo><data>2021-04-03T15:00:00Z</data> <jornada>25</jornada> <equipa_casa>FC Porto</equipa_casa> <equipa_fora>CD Santa Clara</equipa_fora> <golos_casa/> <golos_fora/> <equipa_vencedora/> <estado>Não jogado</estado></Jogo>
<Jogo><data>2021-04-03T15:00:00Z</data> <jornada>25</jornada> <equipa_casa>CD Nacional</equipa_casa> <equipa_fora>Portimonense SC</equipa_fora> <golos_casa/> <golos_fora/> <equipa_vencedora/> <estado>Não jogado</estado></Jogo>
<Jogo><data>2021-04-03T15:00:00Z</data> <jornada>25</jornada> <equipa_casa>Moreirense FC</equipa_casa> <equipa_fora>Sporting Clube de Portugal</equipa_fora> <golos_casa/> <golos_fora/> <equipa_vencedora/> <estado>Não jogado</estado></Jogo>
<Jogo><data>2021-04-03T15:00:00Z</data> <jornada>25</jornada> <equipa_casa>Rio Ave FC</equipa_casa> <equipa_fora>Gil Vicente FC</equipa_fora> <golos_casa/> <golos_fora/> <equipa_vencedora/> <estado>Não jogado</estado></Jogo>
<Jogo><data>2021-04-03T15:00:00Z</data> <jornada>25</jornada> <equipa_casa>Sport Lisboa e Benfica</equipa_casa> <equipa_fora>CS Marítimo</equipa_fora> <golos_casa/> <golos_fora/> <equipa_vencedora/> <estado>Não jogado</estado></Jogo>
<Jogo><data>2021-04-03T15:00:00Z</data> <jornada>25</jornada> <equipa_casa>Vitória SC</equipa_casa> <equipa_fora>CD Tondela</equipa_fora> <golos_casa/> <golos_fora/> <equipa_vencedora/> <estado>Não jogado</estado></Jogo>
<Jogo><data>2021-04-03T15:00:00Z</data> <jornada>25</jornada> <equipa_casa>Os Belenenses Futebol</equipa_casa> <equipa_fora>Boavista FC</equipa_fora> <golos_casa/> <golos_fora/> <equipa_vencedora/> <estado>Não jogado</estado></Jogo>
<Jogo><data>2021-04-03T15:00:00Z</data> <jornada>25</jornada> <equipa_casa>FC Famalicão</equipa_casa> <equipa_fora>FC Paços de Ferreira</equipa_fora> <golos_casa/> <golos_fora/> <equipa_vencedora/> <estado>Não jogado</estado></Jogo>
<Jogo><data>2021-04-03T15:00:00Z</data> <jornada>25</jornada> <equipa_casa>SC Farense</equipa_casa> <equipa_fora>Sporting Clube de Braga</equipa_fora> <golos_casa/> <golos_fora/> <equipa_vencedora/> <estado>Não jogado</estado></Jogo>
<Jogo><data>2021-04-11T15:00:00Z</data> <jornada>26</jornada> <equipa_casa>Sporting Clube de Braga</equipa_casa> <equipa_fora>Os Belenenses Futebol</equipa_fora> <golos_casa/> <golos_fora/> <equipa_vencedora/> <estado>Não jogado</estado></Jogo>
<Jogo><data>2021-04-11T15:00:00Z</data> <jornada>26</jornada> <equipa_casa>CS Marítimo</equipa_casa> <equipa_fora>SC Farense</equipa_fora> <golos_casa/> <golos_fora/> <equipa_vencedora/> <estado>Não jogado</estado></Jogo>
<Jogo><data>2021-04-11T15:00:00Z</data> <jornada>26</jornada> <equipa_casa>FC Paços de Ferreira</equipa_casa> <equipa_fora>Sport Lisboa e Benfica</equipa_fora> <golos_casa/> <golos_fora/> <equipa_vencedora/> <estado>Não jogado</estado></Jogo>
<Jogo><data>2021-04-11T15:00:00Z</data> <jornada>26</jornada> <equipa_casa>Gil Vicente FC</equipa_casa> <equipa_fora>Moreirense FC</equipa_fora> <golos_casa/> <golos_fora/> <equipa_vencedora/> <estado>Não jogado</estado></Jogo>
<Jogo><data>2021-04-11T15:00:00Z</data> <jornada>26</jornada> <equipa_casa>Sporting Clube de Portugal</equipa_casa> <equipa_fora>FC Famalicão</equipa_fora> <golos_casa/> <golos_fora/> <equipa_vencedora/> <estado>Não jogado</estado></Jogo>
<Jogo><data>2021-04-11T15:00:00Z</data> <jornada>26</jornada> <equipa_casa>CD Santa Clara</equipa_casa> <equipa_fora>CD Nacional</equipa_fora> <golos_casa/> <golos_fora/> <equipa_vencedora/> <estado>Não jogado</estado></Jogo>
<Jogo><data>2021-04-11T15:00:00Z</data> <jornada>26</jornada> <equipa_casa>Portimonense SC</equipa_casa> <equipa_fora>Vitória SC</equipa_fora> <golos_casa/> <golos_fora/> <equipa_vencedora/> <estado>Não jogado</estado></Jogo>
<Jogo><data>2021-04-11T15:00:00Z</data> <jornada>26</jornada> <equipa_casa>Boavista FC</equipa_casa> <equipa_fora>Rio Ave FC</equipa_fora> <golos_casa/> <golos_fora/> <equipa_vencedora/> <estado>Não jogado</estado></Jogo>
<Jogo><data>2021-04-11T15:00:00Z</data> <jornada>26</jornada> <equipa_casa>CD Tondela</equipa_casa> <equipa_fora>FC Porto</equipa_fora> <golos_casa/> <golos_fora/> <equipa_vencedora/> <estado>Não jogado</estado></Jogo>
<Jogo><data>2021-04-18T15:00:00Z</data> <jornada>27</jornada> <equipa_casa>CD Nacional</equipa_casa> <equipa_fora>FC Porto</equipa_fora> <golos_casa/> <golos_fora/> <equipa_vencedora/> <estado>Não jogado</estado></Jogo>
<Jogo><data>2021-04-18T15:00:00Z</data> <jornada>27</jornada> <equipa_casa>Moreirense FC</equipa_casa> <equipa_fora>CD Tondela</equipa_fora> <golos_casa/> <golos_fora/> <equipa_vencedora/> <estado>Não jogado</estado></Jogo>
<Jogo><data>2021-04-18T15:00:00Z</data> <jornada>27</jornada> <equipa_casa>Rio Ave FC</equipa_casa> <equipa_fora>Sporting Clube de Braga</equipa_fora> <golos_casa/> <golos_fora/> <equipa_vencedora/> <estado>Não jogado</estado></Jogo>
<Jogo><data>2021-04-18T15:00:00Z</data> <jornada>27</jornada> <equipa_casa>Sport Lisboa e Benfica</equipa_casa> <equipa_fora>Gil Vicente FC</equipa_fora> <golos_casa/> <golos_fora/> <equipa_vencedora/> <estado>Não jogado</estado></Jogo>
<Jogo><data>2021-04-18T15:00:00Z</data> <jornada>27</jornada> <equipa_casa>Vitória SC</equipa_casa> <equipa_fora>CD Santa Clara</equipa_fora> <golos_casa/> <golos_fora/> <equipa_vencedora/> <estado>Não jogado</estado></Jogo>
<Jogo><data>2021-04-18T15:00:00Z</data> <jornada>27</jornada> <equipa_casa>Os Belenenses Futebol</equipa_casa> <equipa_fora>CS Marítimo</equipa_fora> <golos_casa/> <golos_fora/> <equipa_vencedora/> <estado>Não jogado</estado></Jogo>
<Jogo><data>2021-04-18T15:00:00Z</data> <jornada>27</jornada> <equipa_casa>FC Famalicão</equipa_casa> <equipa_fora>Portimonense SC</equipa_fora> <golos_casa/> <golos_fora/> <equipa_vencedora/> <estado>Não jogado</estado></Jogo>
<Jogo><data>2021-04-18T15:00:00Z</data> <jornada>27</jornada> <equipa_casa>Boavista FC</equipa_casa> <equipa_fora>FC Paços de Ferreira</equipa_fora> <golos_casa/> <golos_fora/> <equipa_vencedora/> <estado>Não jogado</estado></Jogo>
<Jogo><data>2021-04-18T15:00:00Z</data> <jornada>27</jornada> <equipa_casa>SC Farense</equipa_casa> <equipa_fora>Sporting Clube de Portugal</equipa_fora> <golos_casa/> <golos_fora/> <equipa_vencedora/> <estado>Não jogado</estado></Jogo>
<Jogo><data>2021-04-21T15:00:00Z</data> <jornada>28</jornada> <equipa_casa>FC Porto</equipa_casa> <equipa_fora>Vitória SC</equipa_fora> <golos_casa/> <golos_fora/> <equipa_vencedora/> <estado>Não jogado</estado></Jogo>
<Jogo><data>2021-04-21T15:00:00Z</data> <jornada>28</jornada> <equipa_casa>Sporting Clube de Braga</equipa_casa> <equipa_fora>Boavista FC</equipa_fora> <golos_casa/> <golos_fora/> <equipa_vencedora/> <estado>Não jogado</estado></Jogo>
<Jogo><data>2021-04-21T15:00:00Z</data> <jornada>28</jornada> <equipa_casa>CS Marítimo</equipa_casa> <equipa_fora>Rio Ave FC</equipa_fora> <golos_casa/> <golos_fora/> <equipa_vencedora/> <estado>Não jogado</estado></Jogo>
<Jogo><data>2021-04-21T15:00:00Z</data> <jornada>28</jornada> <equipa_casa>FC Paços de Ferreira</equipa_casa> <equipa_fora>SC Farense</equipa_fora> <golos_casa/> <golos_fora/> <equipa_vencedora/> <estado>Não jogado</estado></Jogo>
<Jogo><data>2021-04-21T15:00:00Z</data> <jornada>28</jornada> <equipa_casa>Gil Vicente FC</equipa_casa> <equipa_fora>FC Famalicão</equipa_fora> <golos_casa/> <golos_fora/> <equipa_vencedora/> <estado>Não jogado</estado></Jogo>
<Jogo><data>2021-04-21T15:00:00Z</data> <jornada>28</jornada> <equipa_casa>Sporting Clube de Portugal</equipa_casa> <equipa_fora>Os Belenenses Futebol</equipa_fora> <golos_casa/> <golos_fora/> <equipa_vencedora/> <estado>Não jogado</estado></Jogo>
<Jogo><data>2021-04-21T15:00:00Z</data> <jornada>28</jornada> <equipa_casa>CD Santa Clara</equipa_casa> <equipa_fora>Moreirense FC</equipa_fora> <golos_casa/> <golos_fora/> <equipa_vencedora/> <estado>Não jogado</estado></Jogo>
<Jogo><data>2021-04-21T15:00:00Z</data> <jornada>28</jornada> <equipa_casa>Portimonense SC</equipa_casa> <equipa_fora>Sport Lisboa e Benfica</equipa_fora> <golos_casa/> <golos_fora/> <equipa_vencedora/> <estado>Não jogado</estado></Jogo>
<Jogo><data>2021-04-21T15:00:00Z</data> <jornada>28</jornada> <equipa_casa>CD Tondela</equipa_casa> <equipa_fora>CD Nacional</equipa_fora> <golos_casa/> <golos_fora/> <equipa_vencedora/> <estado>Não jogado</estado></Jogo>
<Jogo><data>2021-04-25T15:00:00Z</data> <jornada>29</jornada> <equipa_casa>CD Nacional</equipa_casa> <equipa_fora>Vitória SC</equipa_fora> <golos_casa/> <golos_fora/> <equipa_vencedora/> <estado>Não jogado</estado></Jogo>
<Jogo><data>2021-04-25T15:00:00Z</data> <jornada>29</jornada> <equipa_casa>Sporting Clube de Braga</equipa_casa> <equipa_fora>Sporting Clube de Portugal</equipa_fora> <golos_casa/> <golos_fora/> <equipa_vencedora/> <estado>Não jogado</estado></Jogo>
<Jogo><data>2021-04-25T15:00:00Z</data> <jornada>29</jornada> <equipa_casa>Moreirense FC</equipa_casa> <equipa_fora>FC Porto</equipa_fora> <golos_casa/> <golos_fora/> <equipa_vencedora/> <estado>Não jogado</estado></Jogo>
<Jogo><data>2021-04-25T15:00:00Z</data> <jornada>29</jornada> <equipa_casa>Rio Ave FC</equipa_casa> <equipa_fora>FC Paços de Ferreira</equipa_fora> <golos_casa/> <golos_fora/> <equipa_vencedora/> <estado>Não jogado</estado></Jogo>
<Jogo><data>2021-04-25T15:00:00Z</data> <jornada>29</jornada> <equipa_casa>Sport Lisboa e Benfica</equipa_casa> <equipa_fora>CD Santa Clara</equipa_fora> <golos_casa/> <golos_fora/> <equipa_vencedora/> <estado>Não jogado</estado></Jogo>
<Jogo><data>2021-04-25T15:00:00Z</data> <jornada>29</jornada> <equipa_casa>Os Belenenses Futebol</equipa_casa> <equipa_fora>Gil Vicente FC</equipa_fora> <golos_casa/> <golos_fora/> <equipa_vencedora/> <estado>Não jogado</estado></Jogo>
<Jogo><data>2021-04-25T15:00:00Z</data> <jornada>29</jornada> <equipa_casa>FC Famalicão</equipa_casa> <equipa_fora>CD Tondela</equipa_fora> <golos_casa/> <golos_fora/> <equipa_vencedora/> <estado>Não jogado</estado></Jogo>
<Jogo><data>2021-04-25T15:00:00Z</data> <jornada>29</jornada> <equipa_casa>Boavista FC</equipa_casa> <equipa_fora>CS Marítimo</equipa_fora> <golos_casa/> <golos_fora/> <equipa_vencedora/> <estado>Não jogado</estado></Jogo>
<Jogo><data>2021-04-25T15:00:00Z</data> <jornada>29</jornada> <equipa_casa>SC Farense</equipa_casa> <equipa_fora>Portimonense SC</equipa_fora> <golos_casa/> <golos_fora/> <equipa_vencedora/> <estado>Não jogado</estado></Jogo>
<Jogo><data>2021-05-02T15:00:00Z</data> <jornada>30</jornada> <equipa_casa>FC Porto</equipa_casa> <equipa_fora>FC Famalicão</equipa_fora> <golos_casa/> <golos_fora/> <equipa_vencedora/> <estado>Não jogado</estado></Jogo>
<Jogo><data>2021-05-02T15:00:00Z</data> <jornada>30</jornada> <equipa_casa>CS Marítimo</equipa_casa> <equipa_fora>Sporting Clube de Braga</equipa_fora> <golos_casa/> <golos_fora/> <equipa_vencedora/> <estado>Não jogado</estado></Jogo>
<Jogo><data>2021-05-02T15:00:00Z</data> <jornada>30</jornada> <equipa_casa>FC Paços de Ferreira</equipa_casa> <equipa_fora>Os Belenenses Futebol</equipa_fora> <golos_casa/> <golos_fora/> <equipa_vencedora/> <estado>Não jogado</estado></Jogo>
<Jogo><data>2021-05-02T15:00:00Z</data> <jornada>30</jornada> <equipa_casa>Gil Vicente FC</equipa_casa> <equipa_fora>SC Farense</equipa_fora> <golos_casa/> <golos_fora/> <equipa_vencedora/> <estado>Não jogado</estado></Jogo>
<Jogo><data>2021-05-02T15:00:00Z</data> <jornada>30</jornada> <equipa_casa>Sporting Clube de Portugal</equipa_casa> <equipa_fora>CD Nacional</equipa_fora> <golos_casa/> <golos_fora/> <equipa_vencedora/> <estado>Não jogado</estado></Jogo>
<Jogo><data>2021-05-02T15:00:00Z</data> <jornada>30</jornada> <equipa_casa>Vitória SC</equipa_casa> <equipa_fora>Moreirense FC</equipa_fora> <golos_casa/> <golos_fora/> <equipa_vencedora/> <estado>Não jogado</estado></Jogo>
<Jogo><data>2021-05-02T15:00:00Z</data> <jornada>30</jornada> <equipa_casa>CD Santa Clara</equipa_casa> <equipa_fora>Boavista FC</equipa_fora> <golos_casa/> <golos_fora/> <equipa_vencedora/> <estado>Não jogado</estado></Jogo>
<Jogo><data>2021-05-02T15:00:00Z</data> <jornada>30</jornada> <equipa_casa>Portimonense SC</equipa_casa> <equipa_fora>Rio Ave FC</equipa_fora> <golos_casa/> <golos_fora/> <equipa_vencedora/> <estado>Não jogado</estado></Jogo>
<Jogo><data>2021-05-02T15:00:00Z</data> <jornada>30</jornada> <equipa_casa>CD Tondela</equipa_casa> <equipa_fora>Sport Lisboa e Benfica</equipa_fora> <golos_casa/> <golos_fora/> <equipa_vencedora/> <estado>Não jogado</estado></Jogo>
<Jogo><data>2021-05-09T15:00:00Z</data> <jornada>31</jornada> <equipa_casa>Sporting Clube de Braga</equipa_casa> <equipa_fora>FC Paços de Ferreira</equipa_fora> <golos_casa/> <golos_fora/> <equipa_vencedora/> <estado>Não jogado</estado></Jogo>
<Jogo><data>2021-05-09T15:00:00Z</data> <jornada>31</jornada> <equipa_casa>CS Marítimo</equipa_casa> <equipa_fora>Gil Vicente FC</equipa_fora> <golos_casa/> <golos_fora/> <equipa_vencedora/> <estado>Não jogado</estado></Jogo>
<Jogo><data>2021-05-09T15:00:00Z</data> <jornada>31</jornada> <equipa_casa>Moreirense FC</equipa_casa> <equipa_fora>CD Nacional</equipa_fora> <golos_casa/> <golos_fora/> <equipa_vencedora/> <estado>Não jogado</estado></Jogo>
<Jogo><data>2021-05-09T15:00:00Z</data> <jornada>31</jornada> <equipa_casa>Rio Ave FC</equipa_casa> <equipa_fora>Sporting Clube de Portugal</equipa_fora> <golos_casa/> <golos_fora/> <equipa_vencedora/> <estado>Não jogado</estado></Jogo>
<Jogo><data>2021-05-09T15:00:00Z</data> <jornada>31</jornada> <equipa_casa>Sport Lisboa e Benfica</equipa_casa> <equipa_fora>FC Porto</equipa_fora> <golos_casa/> <golos_fora/> <equipa_vencedora/> <estado>Não jogado</estado></Jogo>
<Jogo><data>2021-05-09T15:00:00Z</data> <jornada>31</jornada> <equipa_casa>Os Belenenses Futebol</equipa_casa> <equipa_fora>Portimonense SC</equipa_fora> <golos_casa/> <golos_fora/> <equipa_vencedora/> <estado>Não jogado</estado></Jogo>
<Jogo><data>2021-05-09T15:00:00Z</data> <jornada>31</jornada> <equipa_casa>FC Famalicão</equipa_casa> <equipa_fora>CD Santa Clara</equipa_fora> <golos_casa/> <golos_fora/> <equipa_vencedora/> <estado>Não jogado</estado></Jogo>
<Jogo><data>2021-05-09T15:00:00Z</data> <jornada>31</jornada> <equipa_casa>Boavista FC</equipa_casa> <equipa_fora>CD Tondela</equipa_fora> <golos_casa/> <golos_fora/> <equipa_vencedora/> <estado>Não jogado</estado></Jogo>
<Jogo><data>2021-05-09T15:00:00Z</data> <jornada>31</jornada> <equipa_casa>SC Farense</equipa_casa> <equipa_fora>Vitória SC</equipa_fora> <golos_casa/> <golos_fora/> <equipa_vencedora/> <estado>Não jogado</estado></Jogo>
<Jogo><data>2021-05-12T15:00:00Z</data> <jornada>32</jornada> <equipa_casa>FC Porto</equipa_casa> <equipa_fora>SC Farense</equipa_fora> <golos_casa/> <golos_fora/> <equipa_vencedora/> <estado>Não jogado</estado></Jogo>
<Jogo><data>2021-05-12T15:00:00Z</data> <jornada>32</jornada> <equipa_casa>CD Nacional</equipa_casa> <equipa_fora>Sport Lisboa e Benfica</equipa_fora> <golos_casa/> <golos_fora/> <equipa_vencedora/> <estado>Não jogado</estado></Jogo>
<Jogo><data>2021-05-12T15:00:00Z</data> <jornada>32</jornada> <equipa_casa>FC Paços de Ferreira</equipa_casa> <equipa_fora>CS Marítimo</equipa_fora> <golos_casa/> <golos_fora/> <equipa_vencedora/> <estado>Não jogado</estado></Jogo>
<Jogo><data>2021-05-12T15:00:00Z</data> <jornada>32</jornada> <equipa_casa>Gil Vicente FC</equipa_casa> <equipa_fora>Sporting Clube de Braga</equipa_fora> <golos_casa/> <golos_fora/> <equipa_vencedora/> <estado>Não jogado</estado></Jogo>
<Jogo><data>2021-05-12T15:00:00Z</data> <jornada>32</jornada> <equipa_casa>Sporting Clube de Portugal</equipa_casa> <equipa_fora>Boavista FC</equipa_fora> <golos_casa/> <golos_fora/> <equipa_vencedora/> <estado>Não jogado</estado></Jogo>
<Jogo><data>2021-05-12T15:00:00Z</data> <jornada>32</jornada> <equipa_casa>Vitória SC</equipa_casa> <equipa_fora>FC Famalicão</equipa_fora> <golos_casa/> <golos_fora/> <equipa_vencedora/> <estado>Não jogado</estado></Jogo>
<Jogo><data>2021-05-12T15:00:00Z</data> <jornada>32</jornada> <equipa_casa>CD Santa Clara</equipa_casa> <equipa_fora>Rio Ave FC</equipa_fora> <golos_casa/> <golos_fora/> <equipa_vencedora/> <estado>Não jogado</estado></Jogo>
<Jogo><data>2021-05-12T15:00:00Z</data> <jornada>32</jornada> <equipa_casa>Portimonense SC</equipa_casa> <equipa_fora>Moreirense FC</equipa_fora> <golos_casa/> <golos_fora/> <equipa_vencedora/> <estado>Não jogado</estado></Jogo>
<Jogo><data>2021-05-12T15:00:00Z</data> <jornada>32</jornada> <equipa_casa>CD Tondela</equipa_casa> <equipa_fora>Os Belenenses Futebol</equipa_fora> <golos_casa/> <golos_fora/> <equipa_vencedora/> <estado>Não jogado</estado></Jogo>
<Jogo><data>2021-05-16T15:00:00Z</data> <jornada>33</jornada> <equipa_casa>Sporting Clube de Braga</equipa_casa> <equipa_fora>Moreirense FC</equipa_fora> <golos_casa/> <golos_fora/> <equipa_vencedora/> <estado>Não jogado</estado></Jogo>
<Jogo><data>2021-05-16T15:00:00Z</data> <jornada>33</jornada> <equipa_casa>CS Marítimo</equipa_casa> <equipa_fora>Vitória SC</equipa_fora> <golos_casa/> <golos_fora/> <equipa_vencedora/> <estado>Não jogado</estado></Jogo>
<Jogo><data>2021-05-16T15:00:00Z</data> <jornada>33</jornada> <equipa_casa>FC Paços de Ferreira</equipa_casa> <equipa_fora>Gil Vicente FC</equipa_fora> <golos_casa/> <golos_fora/> <equipa_vencedora/> <estado>Não jogado</estado></Jogo>
<Jogo><data>2021-05-16T15:00:00Z</data> <jornada>33</jornada> <equipa_casa>Rio Ave FC</equipa_casa> <equipa_fora>FC Porto</equipa_fora> <golos_casa/> <golos_fora/> <equipa_vencedora/> <estado>Não jogado</estado></Jogo>
<Jogo><data>2021-05-16T15:00:00Z</data> <jornada>33</jornada> <equipa_casa>Sport Lisboa e Benfica</equipa_casa> <equipa_fora>Sporting Clube de Portugal</equipa_fora> <golos_casa/> <golos_fora/> <equipa_vencedora/> <estado>Não jogado</estado></Jogo>
<Jogo><data>2021-05-16T15:00:00Z</data> <jornada>33</jornada> <equipa_casa>Os Belenenses Futebol</equipa_casa> <equipa_fora>CD Santa Clara</equipa_fora> <golos_casa/> <golos_fora/> <equipa_vencedora/> <estado>Não jogado</estado></Jogo>
<Jogo><data>2021-05-16T15:00:00Z</data> <jornada>33</jornada> <equipa_casa>FC Famalicão</equipa_casa> <equipa_fora>CD Nacional</equipa_fora> <golos_casa/> <golos_fora/> <equipa_vencedora/> <estado>Não jogado</estado></Jogo>
<Jogo><data>2021-05-16T15:00:00Z</data> <jornada>33</jornada> <equipa_casa>Boavista FC</equipa_casa> <equipa_fora>Portimonense SC</equipa_fora> <golos_casa/> <golos_fora/> <equipa_vencedora/> <estado>Não jogado</estado></Jogo>
<Jogo><data>2021-05-16T15:00:00Z</data> <jornada>33</jornada> <equipa_casa>SC Farense</equipa_casa> <equipa_fora>CD Tondela</equipa_fora> <golos_casa/> <golos_fora/> <equipa_vencedora/> <estado>Não jogado</estado></Jogo>
<Jogo><data>2021-05-19T15:00:00Z</data> <jornada>34</jornada> <equipa_casa>FC Porto</equipa_casa> <equipa_fora>Os Belenenses Futebol</equipa_fora> <golos_casa/> <golos_fora/> <equipa_vencedora/> <estado>Não jogado</estado></Jogo>
<Jogo><data>2021-05-19T15:00:00Z</data> <jornada>34</jornada> <equipa_casa>CD Nacional</equipa_casa> <equipa_fora>Rio Ave FC</equipa_fora> <golos_casa/> <golos_fora/> <equipa_vencedora/> <estado>Não jogado</estado></Jogo>
<Jogo><data>2021-05-19T15:00:00Z</data> <jornada>34</jornada> <equipa_casa>Gil Vicente FC</equipa_casa> <equipa_fora>Boavista FC</equipa_fora> <golos_casa/> <golos_fora/> <equipa_vencedora/> <estado>Não jogado</estado></Jogo>
<Jogo><data>2021-05-19T15:00:00Z</data> <jornada>34</jornada> <equipa_casa>Moreirense FC</equipa_casa> <equipa_fora>FC Famalicão</equipa_fora> <golos_casa/> <golos_fora/> <equipa_vencedora/> <estado>Não jogado</estado></Jogo>
<Jogo><data>2021-05-19T15:00:00Z</data> <jornada>34</jornada> <equipa_casa>Sporting Clube de Portugal</equipa_casa> <equipa_fora>CS Marítimo</equipa_fora> <golos_casa/> <golos_fora/> <equipa_vencedora/> <estado>Não jogado</estado></Jogo>
<Jogo><data>2021-05-19T15:00:00Z</data> <jornada>34</jornada> <equipa_casa>Vitória SC</equipa_casa> <equipa_fora>Sport Lisboa e Benfica</equipa_fora> <golos_casa/> <golos_fora/> <equipa_vencedora/> <estado>Não jogado</estado></Jogo>
<Jogo><data>2021-05-19T15:00:00Z</data> <jornada>34</jornada> <equipa_casa>CD Santa Clara</equipa_casa> <equipa_fora>SC Farense</equipa_fora> <golos_casa/> <golos_fora/> <equipa_vencedora/> <estado>Não jogado</estado></Jogo>
<Jogo><data>2021-05-19T15:00:00Z</data> <jornada>34</jornada> <equipa_casa>Portimonense SC</equipa_casa> <equipa_fora>Sporting Clube de Braga</equipa_fora> <golos_casa/> <golos_fora/> <equipa_vencedora/> <estado>Não jogado</estado></Jogo>
<Jogo><data>2021-05-19T15:00:00Z</data> <jornada>34</jornada> <equipa_casa>CD Tondela</equipa_casa> <equipa_fora>FC Paços de Ferreira</equipa_fora> <golos_casa/> <golos_fora/> <equipa_vencedora/> <estado>Não jogado</estado></Jogo>
</Jogos>
